drop database if exists OnlineMeds;
create database OnlineMeds;
use OnlineMeds;
create table Company(
Company_ID INT NOT NULL,
Company_Name VARCHAR(50) NOT NULL,
primary key(Company_ID)
);
INSERT INTO `Company` (`Company_ID`, `Company_Name`) VALUES (1, 'Schaden, Mayer and Wiza');
INSERT INTO `Company` (`Company_ID`, `Company_Name`) VALUES (2, 'Robel-Carter');
INSERT INTO `Company` (`Company_ID`, `Company_Name`) VALUES (3, 'Langosh and Sons');
INSERT INTO `Company` (`Company_ID`, `Company_Name`) VALUES (4, 'Jacobi PLC');
INSERT INTO `Company` (`Company_ID`, `Company_Name`) VALUES (5, 'Langosh, Smith and Gerlach');
INSERT INTO `Company` (`Company_ID`, `Company_Name`) VALUES (6, 'Muller-Weimann');
INSERT INTO `Company` (`Company_ID`, `Company_Name`) VALUES (7, 'Nienow-Lesch');
INSERT INTO `Company` (`Company_ID`, `Company_Name`) VALUES (8, 'Goodwin, Lindgren and Schmitt');
INSERT INTO `Company` (`Company_ID`, `Company_Name`) VALUES (9, 'Bergstrom-Stamm');
INSERT INTO `Company` (`Company_ID`, `Company_Name`) VALUES (10, 'Shanahan-Huel');
INSERT INTO `Company` (`Company_ID`, `Company_Name`) VALUES (11, 'Crist Ltd');
INSERT INTO `Company` (`Company_ID`, `Company_Name`) VALUES (12, 'Gottlieb-McKenzie');
INSERT INTO `Company` (`Company_ID`, `Company_Name`) VALUES (13, 'Kirlin Group');
INSERT INTO `Company` (`Company_ID`, `Company_Name`) VALUES (14, 'Williamson, Abernathy and Bailey');
INSERT INTO `Company` (`Company_ID`, `Company_Name`) VALUES (15, 'Little and Sons');
INSERT INTO `Company` (`Company_ID`, `Company_Name`) VALUES (16, 'Hirthe PLC');
INSERT INTO `Company` (`Company_ID`, `Company_Name`) VALUES (17, 'Berge, Glover and Dicki');
INSERT INTO `Company` (`Company_ID`, `Company_Name`) VALUES (18, 'Purdy, Carter and Glover');
INSERT INTO `Company` (`Company_ID`, `Company_Name`) VALUES (19, 'Feest Ltd');
INSERT INTO `Company` (`Company_ID`, `Company_Name`) VALUES (20, 'Terry Group');
INSERT INTO `Company` (`Company_ID`, `Company_Name`) VALUES (21, 'Cummerata-Barrows');
INSERT INTO `Company` (`Company_ID`, `Company_Name`) VALUES (22, 'Stanton, Beer and Pacocha');
INSERT INTO `Company` (`Company_ID`, `Company_Name`) VALUES (23, 'Weimann Ltd');
INSERT INTO `Company` (`Company_ID`, `Company_Name`) VALUES (24, 'Anderson-Ortiz');
INSERT INTO `Company` (`Company_ID`, `Company_Name`) VALUES (25, 'Gleichner-Hoppe');
INSERT INTO `Company` (`Company_ID`, `Company_Name`) VALUES (26, 'Ferry, Lemke and Harris');
INSERT INTO `Company` (`Company_ID`, `Company_Name`) VALUES (27, 'Watsica-Jerde');
INSERT INTO `Company` (`Company_ID`, `Company_Name`) VALUES (28, 'Toy LLC');
INSERT INTO `Company` (`Company_ID`, `Company_Name`) VALUES (29, 'Kuhn Inc');
INSERT INTO `Company` (`Company_ID`, `Company_Name`) VALUES (30, 'Mueller, Friesen and Ruecker');
INSERT INTO `Company` (`Company_ID`, `Company_Name`) VALUES (31, 'Williamson-Ledner');
INSERT INTO `Company` (`Company_ID`, `Company_Name`) VALUES (32, 'Hickle, Gaylord and Roberts');
INSERT INTO `Company` (`Company_ID`, `Company_Name`) VALUES (33, 'O\'Hara Inc');
INSERT INTO `Company` (`Company_ID`, `Company_Name`) VALUES (34, 'Hahn, Marks and Becker');
INSERT INTO `Company` (`Company_ID`, `Company_Name`) VALUES (35, 'Kris, Rutherford and Conn');
INSERT INTO `Company` (`Company_ID`, `Company_Name`) VALUES (36, 'Bahringer, Dibbert and Stokes');
INSERT INTO `Company` (`Company_ID`, `Company_Name`) VALUES (37, 'Littel and Sons');
INSERT INTO `Company` (`Company_ID`, `Company_Name`) VALUES (38, 'Harvey Ltd');
INSERT INTO `Company` (`Company_ID`, `Company_Name`) VALUES (39, 'Spencer-Ernser');
INSERT INTO `Company` (`Company_ID`, `Company_Name`) VALUES (40, 'Turner-Haag');
INSERT INTO `Company` (`Company_ID`, `Company_Name`) VALUES (41, 'Schuppe PLC');
INSERT INTO `Company` (`Company_ID`, `Company_Name`) VALUES (42, 'Wunsch Inc');
INSERT INTO `Company` (`Company_ID`, `Company_Name`) VALUES (43, 'Morar, Blick and Watsica');
INSERT INTO `Company` (`Company_ID`, `Company_Name`) VALUES (44, 'Conn-Luettgen');
INSERT INTO `Company` (`Company_ID`, `Company_Name`) VALUES (45, 'Funk-Huel');
INSERT INTO `Company` (`Company_ID`, `Company_Name`) VALUES (46, 'Abshire-Turner');
INSERT INTO `Company` (`Company_ID`, `Company_Name`) VALUES (47, 'Daniel Ltd');
INSERT INTO `Company` (`Company_ID`, `Company_Name`) VALUES (48, 'Turcotte-Pfannerstill');
INSERT INTO `Company` (`Company_ID`, `Company_Name`) VALUES (49, 'Yundt Group');
INSERT INTO `Company` (`Company_ID`, `Company_Name`) VALUES (50, 'Leuschke Ltd');
INSERT INTO `Company` (`Company_ID`, `Company_Name`) VALUES (51, 'Labadie PLC');
INSERT INTO `Company` (`Company_ID`, `Company_Name`) VALUES (52, 'Hoppe Group');
INSERT INTO `Company` (`Company_ID`, `Company_Name`) VALUES (53, 'Braun-Oberbrunner');
INSERT INTO `Company` (`Company_ID`, `Company_Name`) VALUES (54, 'Cremin-Marks');
INSERT INTO `Company` (`Company_ID`, `Company_Name`) VALUES (55, 'Bartoletti Inc');
INSERT INTO `Company` (`Company_ID`, `Company_Name`) VALUES (56, 'Mraz-Schuppe');
INSERT INTO `Company` (`Company_ID`, `Company_Name`) VALUES (57, 'Kirlin LLC');
INSERT INTO `Company` (`Company_ID`, `Company_Name`) VALUES (58, 'Ortiz PLC');
INSERT INTO `Company` (`Company_ID`, `Company_Name`) VALUES (59, 'Bashirian-Braun');
INSERT INTO `Company` (`Company_ID`, `Company_Name`) VALUES (60, 'Walter, Renner and Hoppe');
INSERT INTO `Company` (`Company_ID`, `Company_Name`) VALUES (61, 'Schimmel and Sons');
INSERT INTO `Company` (`Company_ID`, `Company_Name`) VALUES (62, 'DuBuque, Stroman and Ruecker');
INSERT INTO `Company` (`Company_ID`, `Company_Name`) VALUES (63, 'Glover, Conn and Gulgowski');
INSERT INTO `Company` (`Company_ID`, `Company_Name`) VALUES (64, 'Bernhard, Rohan and Johnston');
INSERT INTO `Company` (`Company_ID`, `Company_Name`) VALUES (65, 'Rau Group');
INSERT INTO `Company` (`Company_ID`, `Company_Name`) VALUES (66, 'Hand-Zulauf');
INSERT INTO `Company` (`Company_ID`, `Company_Name`) VALUES (67, 'Paucek Inc');
INSERT INTO `Company` (`Company_ID`, `Company_Name`) VALUES (68, 'Torp, Hintz and Krajcik');
INSERT INTO `Company` (`Company_ID`, `Company_Name`) VALUES (69, 'Lesch-Renner');
INSERT INTO `Company` (`Company_ID`, `Company_Name`) VALUES (70, 'Haley, Russel and Kling');
INSERT INTO `Company` (`Company_ID`, `Company_Name`) VALUES (71, 'Eichmann, Little and Kuphal');
INSERT INTO `Company` (`Company_ID`, `Company_Name`) VALUES (72, 'Kihn Group');
INSERT INTO `Company` (`Company_ID`, `Company_Name`) VALUES (73, 'Sanford-Bashirian');
INSERT INTO `Company` (`Company_ID`, `Company_Name`) VALUES (74, 'Mitchell PLC');
INSERT INTO `Company` (`Company_ID`, `Company_Name`) VALUES (75, 'Jaskolski, McCullough and Sauer');
INSERT INTO `Company` (`Company_ID`, `Company_Name`) VALUES (76, 'Moore and Sons');
INSERT INTO `Company` (`Company_ID`, `Company_Name`) VALUES (77, 'Rath, Mante and Cole');
INSERT INTO `Company` (`Company_ID`, `Company_Name`) VALUES (78, 'Simonis, Lakin and Kohler');
INSERT INTO `Company` (`Company_ID`, `Company_Name`) VALUES (79, 'Herman-Botsford');
INSERT INTO `Company` (`Company_ID`, `Company_Name`) VALUES (80, 'Lemke Ltd');
INSERT INTO `Company` (`Company_ID`, `Company_Name`) VALUES (81, 'Crist-Pollich');
INSERT INTO `Company` (`Company_ID`, `Company_Name`) VALUES (82, 'Hickle Ltd');
INSERT INTO `Company` (`Company_ID`, `Company_Name`) VALUES (83, 'Schuster, Funk and Hudson');
INSERT INTO `Company` (`Company_ID`, `Company_Name`) VALUES (84, 'Hettinger, Witting and Hammes');
INSERT INTO `Company` (`Company_ID`, `Company_Name`) VALUES (85, 'Leffler PLC');
INSERT INTO `Company` (`Company_ID`, `Company_Name`) VALUES (86, 'Bernhard-White');
INSERT INTO `Company` (`Company_ID`, `Company_Name`) VALUES (87, 'Ratke-Gaylord');
INSERT INTO `Company` (`Company_ID`, `Company_Name`) VALUES (88, 'Veum, Mills and Gusikowski');
INSERT INTO `Company` (`Company_ID`, `Company_Name`) VALUES (89, 'Ortiz Group');
INSERT INTO `Company` (`Company_ID`, `Company_Name`) VALUES (90, 'O\'Conner-Christiansen');
INSERT INTO `Company` (`Company_ID`, `Company_Name`) VALUES (91, 'Watsica Group');
INSERT INTO `Company` (`Company_ID`, `Company_Name`) VALUES (92, 'Lowe-Schowalter');
INSERT INTO `Company` (`Company_ID`, `Company_Name`) VALUES (93, 'Wolf Group');
INSERT INTO `Company` (`Company_ID`, `Company_Name`) VALUES (94, 'Wunsch PLC');
INSERT INTO `Company` (`Company_ID`, `Company_Name`) VALUES (95, 'Nienow Group');
INSERT INTO `Company` (`Company_ID`, `Company_Name`) VALUES (96, 'Murazik-McClure');
INSERT INTO `Company` (`Company_ID`, `Company_Name`) VALUES (97, 'Vandervort and Sons');
INSERT INTO `Company` (`Company_ID`, `Company_Name`) VALUES (98, 'Deckow Inc');
INSERT INTO `Company` (`Company_ID`, `Company_Name`) VALUES (99, 'Reinger, Fay and Cummerata');
INSERT INTO `Company` (`Company_ID`, `Company_Name`) VALUES (100, 'Bernier-Buckridge');


create table Medicine(
Serial_num INT NOT NULL ,
Brand_Name VARCHAR(50) NOT NULL,
Generic_Name VARCHAR(50) NOT NULL,
Date_of_Manufacturing Date ,
Date_of_Expiration Date Not NULL,
Over_counter tinyint(1) default 0,
Price int,
company int,
constraint Pricecheck check (Price>0),
foreign key (company) references Company(Company_ID),
Primary Key(Serial_num)
);
INSERT INTO `Medicine` (`Serial_num`, `Brand_Name`, `Generic_Name`, `Date_of_Manufacturing`, `Date_of_Expiration`, `Over_counter`, `Price`, `company`) VALUES (1, 'dolores', 'enim', '2012-11-12', '1977-05-24', 1, 51184, 89);
INSERT INTO `Medicine` (`Serial_num`, `Brand_Name`, `Generic_Name`, `Date_of_Manufacturing`, `Date_of_Expiration`, `Over_counter`, `Price`, `company`) VALUES (2, 'vero', 'ut', '1980-12-05', '2019-03-15', 1, 95831, 23);
INSERT INTO `Medicine` (`Serial_num`, `Brand_Name`, `Generic_Name`, `Date_of_Manufacturing`, `Date_of_Expiration`, `Over_counter`, `Price`, `company`) VALUES (3, 'sed', 'tempora', '2010-10-12', '1989-09-10', 0, 29363184, 85);
INSERT INTO `Medicine` (`Serial_num`, `Brand_Name`, `Generic_Name`, `Date_of_Manufacturing`, `Date_of_Expiration`, `Over_counter`, `Price`, `company`) VALUES (4, 'enim', 'est', '1973-12-17', '2002-08-03', 0, 84358, 88);
INSERT INTO `Medicine` (`Serial_num`, `Brand_Name`, `Generic_Name`, `Date_of_Manufacturing`, `Date_of_Expiration`, `Over_counter`, `Price`, `company`) VALUES (5, 'architecto', 'optio', '1996-07-31', '2009-11-09', 1, 76906, 2);
INSERT INTO `Medicine` (`Serial_num`, `Brand_Name`, `Generic_Name`, `Date_of_Manufacturing`, `Date_of_Expiration`, `Over_counter`, `Price`, `company`) VALUES (6, 'neque', 'rerum', '2009-04-29', '2012-10-28', 1, 2689, 58);
INSERT INTO `Medicine` (`Serial_num`, `Brand_Name`, `Generic_Name`, `Date_of_Manufacturing`, `Date_of_Expiration`, `Over_counter`, `Price`, `company`) VALUES (7, 'repellat', 'provident', '1987-02-20', '1987-01-25', 1, 69750, 86);
INSERT INTO `Medicine` (`Serial_num`, `Brand_Name`, `Generic_Name`, `Date_of_Manufacturing`, `Date_of_Expiration`, `Over_counter`, `Price`, `company`) VALUES (8, 'ea', 'minima', '1972-02-28', '2004-11-14', 0, 137389364, 65);
INSERT INTO `Medicine` (`Serial_num`, `Brand_Name`, `Generic_Name`, `Date_of_Manufacturing`, `Date_of_Expiration`, `Over_counter`, `Price`, `company`) VALUES (9, 'hic', 'quo', '1974-10-07', '2023-02-03', 0, 142365, 17);
INSERT INTO `Medicine` (`Serial_num`, `Brand_Name`, `Generic_Name`, `Date_of_Manufacturing`, `Date_of_Expiration`, `Over_counter`, `Price`, `company`) VALUES (10, 'ipsam', 'iure', '2010-05-31', '1992-05-12', 1, 91733, 37);
INSERT INTO `Medicine` (`Serial_num`, `Brand_Name`, `Generic_Name`, `Date_of_Manufacturing`, `Date_of_Expiration`, `Over_counter`, `Price`, `company`) VALUES (11, 'labore', 'modi', '1993-09-24', '2012-01-14', 1, 263769, 73);
INSERT INTO `Medicine` (`Serial_num`, `Brand_Name`, `Generic_Name`, `Date_of_Manufacturing`, `Date_of_Expiration`, `Over_counter`, `Price`, `company`) VALUES (12, 'voluptas', 'error', '2004-05-28', '2011-09-22', 0, 295598, 28);
INSERT INTO `Medicine` (`Serial_num`, `Brand_Name`, `Generic_Name`, `Date_of_Manufacturing`, `Date_of_Expiration`, `Over_counter`, `Price`, `company`) VALUES (15, 'commodi', 'qui', '2001-10-10', '2016-05-13', 0, 63917728, 48);
INSERT INTO `Medicine` (`Serial_num`, `Brand_Name`, `Generic_Name`, `Date_of_Manufacturing`, `Date_of_Expiration`, `Over_counter`, `Price`, `company`) VALUES (16, 'qui', 'distinctio', '1985-12-08', '1977-01-02', 0, 33054153, 46);
INSERT INTO `Medicine` (`Serial_num`, `Brand_Name`, `Generic_Name`, `Date_of_Manufacturing`, `Date_of_Expiration`, `Over_counter`, `Price`, `company`) VALUES (17, 'quod', 'officiis', '1975-06-25', '1983-02-26', 0, 94544, 66);
INSERT INTO `Medicine` (`Serial_num`, `Brand_Name`, `Generic_Name`, `Date_of_Manufacturing`, `Date_of_Expiration`, `Over_counter`, `Price`, `company`) VALUES (18, 'consequatur', 'autem', '1980-03-21', '1981-03-14', 0, 3908353, 38);
INSERT INTO `Medicine` (`Serial_num`, `Brand_Name`, `Generic_Name`, `Date_of_Manufacturing`, `Date_of_Expiration`, `Over_counter`, `Price`, `company`) VALUES (20, 'quam', 'veritatis', '1989-05-25', '1987-03-02', 0, 884722, 41);
INSERT INTO `Medicine` (`Serial_num`, `Brand_Name`, `Generic_Name`, `Date_of_Manufacturing`, `Date_of_Expiration`, `Over_counter`, `Price`, `company`) VALUES (21, 'voluptas', 'perspiciatis', '1996-03-01', '2021-08-25', 1, 31929, 95);
INSERT INTO `Medicine` (`Serial_num`, `Brand_Name`, `Generic_Name`, `Date_of_Manufacturing`, `Date_of_Expiration`, `Over_counter`, `Price`, `company`) VALUES (22, 'amet', 'fuga', '1993-11-12', '1980-09-07', 0, 60983, 94);
INSERT INTO `Medicine` (`Serial_num`, `Brand_Name`, `Generic_Name`, `Date_of_Manufacturing`, `Date_of_Expiration`, `Over_counter`, `Price`, `company`) VALUES (23, 'consequatur', 'dolorum', '2014-06-05', '2009-08-15', 1, 80909, 11);
INSERT INTO `Medicine` (`Serial_num`, `Brand_Name`, `Generic_Name`, `Date_of_Manufacturing`, `Date_of_Expiration`, `Over_counter`, `Price`, `company`) VALUES (24, 'rem', 'aut', '2017-12-25', '2003-04-02', 0, 272822, 93);
INSERT INTO `Medicine` (`Serial_num`, `Brand_Name`, `Generic_Name`, `Date_of_Manufacturing`, `Date_of_Expiration`, `Over_counter`, `Price`, `company`) VALUES (26, 'est', 'sed', '1986-05-02', '2003-02-07', 0, 92963, 31);
INSERT INTO `Medicine` (`Serial_num`, `Brand_Name`, `Generic_Name`, `Date_of_Manufacturing`, `Date_of_Expiration`, `Over_counter`, `Price`, `company`) VALUES (31, 'voluptas', 'dicta', '1976-08-15', '1981-06-13', 0, 208902, 21);
INSERT INTO `Medicine` (`Serial_num`, `Brand_Name`, `Generic_Name`, `Date_of_Manufacturing`, `Date_of_Expiration`, `Over_counter`, `Price`, `company`) VALUES (32, 'et', 'repellat', '2010-01-13', '1979-07-31', 0, 24966918, 29);
INSERT INTO `Medicine` (`Serial_num`, `Brand_Name`, `Generic_Name`, `Date_of_Manufacturing`, `Date_of_Expiration`, `Over_counter`, `Price`, `company`) VALUES (33, 'adipisci', 'aut', '1972-06-21', '2008-07-01', 0, 81946, 40);
INSERT INTO `Medicine` (`Serial_num`, `Brand_Name`, `Generic_Name`, `Date_of_Manufacturing`, `Date_of_Expiration`, `Over_counter`, `Price`, `company`) VALUES (34, 'consequatur', 'perspiciatis', '1998-07-13', '1997-06-19', 0, 39552, 53);
INSERT INTO `Medicine` (`Serial_num`, `Brand_Name`, `Generic_Name`, `Date_of_Manufacturing`, `Date_of_Expiration`, `Over_counter`, `Price`, `company`) VALUES (36, 'odit', 'reiciendis', '2011-11-29', '2007-10-27', 1, 30812853, 20);
INSERT INTO `Medicine` (`Serial_num`, `Brand_Name`, `Generic_Name`, `Date_of_Manufacturing`, `Date_of_Expiration`, `Over_counter`, `Price`, `company`) VALUES (37, 'eius', 'voluptatem', '2020-10-24', '2000-02-19', 0, 95287, 32);
INSERT INTO `Medicine` (`Serial_num`, `Brand_Name`, `Generic_Name`, `Date_of_Manufacturing`, `Date_of_Expiration`, `Over_counter`, `Price`, `company`) VALUES (38, 'quasi', 'et', '1975-07-10', '1990-08-16', 1, 479377, 33);
INSERT INTO `Medicine` (`Serial_num`, `Brand_Name`, `Generic_Name`, `Date_of_Manufacturing`, `Date_of_Expiration`, `Over_counter`, `Price`, `company`) VALUES (39, 'quasi', 'consectetur', '2000-06-02', '1974-06-06', 0, 33294046, 56);
INSERT INTO `Medicine` (`Serial_num`, `Brand_Name`, `Generic_Name`, `Date_of_Manufacturing`, `Date_of_Expiration`, `Over_counter`, `Price`, `company`) VALUES (40, 'odit', 'at', '2011-01-07', '1993-08-07', 0, 298364, 14);
INSERT INTO `Medicine` (`Serial_num`, `Brand_Name`, `Generic_Name`, `Date_of_Manufacturing`, `Date_of_Expiration`, `Over_counter`, `Price`, `company`) VALUES (41, 'quidem', 'ab', '1996-10-30', '1995-11-14', 0, 28904, 71);
INSERT INTO `Medicine` (`Serial_num`, `Brand_Name`, `Generic_Name`, `Date_of_Manufacturing`, `Date_of_Expiration`, `Over_counter`, `Price`, `company`) VALUES (43, 'dolor', 'accusantium', '2022-04-03', '1995-02-18', 0, 104336, 70);
INSERT INTO `Medicine` (`Serial_num`, `Brand_Name`, `Generic_Name`, `Date_of_Manufacturing`, `Date_of_Expiration`, `Over_counter`, `Price`, `company`) VALUES (45, 'inventore', 'id', '1992-01-18', '2018-09-15', 1, 42399, 90);
INSERT INTO `Medicine` (`Serial_num`, `Brand_Name`, `Generic_Name`, `Date_of_Manufacturing`, `Date_of_Expiration`, `Over_counter`, `Price`, `company`) VALUES (46, 'perspiciatis', 'non', '1989-06-05', '2007-01-06', 0, 82550, 25);
INSERT INTO `Medicine` (`Serial_num`, `Brand_Name`, `Generic_Name`, `Date_of_Manufacturing`, `Date_of_Expiration`, `Over_counter`, `Price`, `company`) VALUES (52, 'provident', 'sunt', '1998-12-22', '1998-11-09', 0, 42032357, 60);
INSERT INTO `Medicine` (`Serial_num`, `Brand_Name`, `Generic_Name`, `Date_of_Manufacturing`, `Date_of_Expiration`, `Over_counter`, `Price`, `company`) VALUES (54, 'quis', 'exercitationem', '1983-03-14', '1995-01-19', 1, 25900, 4);
INSERT INTO `Medicine` (`Serial_num`, `Brand_Name`, `Generic_Name`, `Date_of_Manufacturing`, `Date_of_Expiration`, `Over_counter`, `Price`, `company`) VALUES (59, 'temporibus', 'veniam', '2002-09-07', '1982-01-24', 1, 41950, 42);
INSERT INTO `Medicine` (`Serial_num`, `Brand_Name`, `Generic_Name`, `Date_of_Manufacturing`, `Date_of_Expiration`, `Over_counter`, `Price`, `company`) VALUES (60, 'nemo', 'quis', '2003-04-18', '1977-09-23', 0, 114725, 12);
INSERT INTO `Medicine` (`Serial_num`, `Brand_Name`, `Generic_Name`, `Date_of_Manufacturing`, `Date_of_Expiration`, `Over_counter`, `Price`, `company`) VALUES (61, 'perspiciatis', 'at', '2020-02-13', '1972-07-18', 1, 92425351, 78);
INSERT INTO `Medicine` (`Serial_num`, `Brand_Name`, `Generic_Name`, `Date_of_Manufacturing`, `Date_of_Expiration`, `Over_counter`, `Price`, `company`) VALUES (65, 'quia', 'repellat', '2009-12-04', '1985-11-03', 1, 6630929, 61);
INSERT INTO `Medicine` (`Serial_num`, `Brand_Name`, `Generic_Name`, `Date_of_Manufacturing`, `Date_of_Expiration`, `Over_counter`, `Price`, `company`) VALUES (66, 'reprehenderit', 'voluptatem', '2009-03-07', '1995-09-21', 1, 64559, 99);
INSERT INTO `Medicine` (`Serial_num`, `Brand_Name`, `Generic_Name`, `Date_of_Manufacturing`, `Date_of_Expiration`, `Over_counter`, `Price`, `company`) VALUES (68, 'cum', 'ipsam', '1973-05-06', '1997-12-01', 1, 465083, 97);
INSERT INTO `Medicine` (`Serial_num`, `Brand_Name`, `Generic_Name`, `Date_of_Manufacturing`, `Date_of_Expiration`, `Over_counter`, `Price`, `company`) VALUES (69, 'rerum', 'eos', '2000-02-05', '2015-08-14', 1, 87959, 18);
INSERT INTO `Medicine` (`Serial_num`, `Brand_Name`, `Generic_Name`, `Date_of_Manufacturing`, `Date_of_Expiration`, `Over_counter`, `Price`, `company`) VALUES (70, 'dolorem', 'tempora', '1977-01-15', '2009-09-03', 0, 26707, 44);
INSERT INTO `Medicine` (`Serial_num`, `Brand_Name`, `Generic_Name`, `Date_of_Manufacturing`, `Date_of_Expiration`, `Over_counter`, `Price`, `company`) VALUES (73, 'vitae', 'fugit', '2020-03-22', '2001-11-12', 0, 87555, 16);
INSERT INTO `Medicine` (`Serial_num`, `Brand_Name`, `Generic_Name`, `Date_of_Manufacturing`, `Date_of_Expiration`, `Over_counter`, `Price`, `company`) VALUES (74, 'blanditiis', 'rerum', '2014-05-29', '2006-02-06', 0, 2360887, 52);
INSERT INTO `Medicine` (`Serial_num`, `Brand_Name`, `Generic_Name`, `Date_of_Manufacturing`, `Date_of_Expiration`, `Over_counter`, `Price`, `company`) VALUES (75, 'omnis', 'quos', '1972-03-28', '1999-10-28', 0, 6042432, 64);
INSERT INTO `Medicine` (`Serial_num`, `Brand_Name`, `Generic_Name`, `Date_of_Manufacturing`, `Date_of_Expiration`, `Over_counter`, `Price`, `company`) VALUES (78, 'ratione', 'qui', '1994-12-30', '2004-04-25', 0, 93499, 5);
INSERT INTO `Medicine` (`Serial_num`, `Brand_Name`, `Generic_Name`, `Date_of_Manufacturing`, `Date_of_Expiration`, `Over_counter`, `Price`, `company`) VALUES (80, 'amet', 'nulla', '1995-03-23', '1993-10-27', 0, 15053, 62);
INSERT INTO `Medicine` (`Serial_num`, `Brand_Name`, `Generic_Name`, `Date_of_Manufacturing`, `Date_of_Expiration`, `Over_counter`, `Price`, `company`) VALUES (81, 'repellat', 'delectus', '1989-12-16', '1970-03-25', 1, 19215, 55);
INSERT INTO `Medicine` (`Serial_num`, `Brand_Name`, `Generic_Name`, `Date_of_Manufacturing`, `Date_of_Expiration`, `Over_counter`, `Price`, `company`) VALUES (83, 'vel', 'et', '2010-03-10', '1984-02-17', 0, 1069556, 35);
INSERT INTO `Medicine` (`Serial_num`, `Brand_Name`, `Generic_Name`, `Date_of_Manufacturing`, `Date_of_Expiration`, `Over_counter`, `Price`, `company`) VALUES (84, 'optio', 'dolores', '1974-04-18', '2009-01-04', 0, 140779, 59);
INSERT INTO `Medicine` (`Serial_num`, `Brand_Name`, `Generic_Name`, `Date_of_Manufacturing`, `Date_of_Expiration`, `Over_counter`, `Price`, `company`) VALUES (86, 'id', 'doloribus', '1999-01-10', '2013-05-28', 1, 43946, 81);
INSERT INTO `Medicine` (`Serial_num`, `Brand_Name`, `Generic_Name`, `Date_of_Manufacturing`, `Date_of_Expiration`, `Over_counter`, `Price`, `company`) VALUES (87, 'ullam', 'officiis', '1990-02-03', '2018-10-20', 0, 22081, 34);
INSERT INTO `Medicine` (`Serial_num`, `Brand_Name`, `Generic_Name`, `Date_of_Manufacturing`, `Date_of_Expiration`, `Over_counter`, `Price`, `company`) VALUES (88, 'facere', 'voluptas', '2000-03-24', '1973-03-23', 0, 43803, 50);
INSERT INTO `Medicine` (`Serial_num`, `Brand_Name`, `Generic_Name`, `Date_of_Manufacturing`, `Date_of_Expiration`, `Over_counter`, `Price`, `company`) VALUES (89, 'repudiandae', 'sequi', '1994-11-13', '1978-04-09', 0, 31805, 84);
INSERT INTO `Medicine` (`Serial_num`, `Brand_Name`, `Generic_Name`, `Date_of_Manufacturing`, `Date_of_Expiration`, `Over_counter`, `Price`, `company`) VALUES (90, 'quam', 'consequatur', '2001-05-05', '2008-04-14', 1, 63619, 19);
INSERT INTO `Medicine` (`Serial_num`, `Brand_Name`, `Generic_Name`, `Date_of_Manufacturing`, `Date_of_Expiration`, `Over_counter`, `Price`, `company`) VALUES (92, 'optio', 'repellat', '1983-11-01', '1974-07-11', 1, 62145, 9);
INSERT INTO `Medicine` (`Serial_num`, `Brand_Name`, `Generic_Name`, `Date_of_Manufacturing`, `Date_of_Expiration`, `Over_counter`, `Price`, `company`) VALUES (94, 'molestiae', 'commodi', '1978-01-22', '1994-06-10', 0, 97760, 10);
INSERT INTO `Medicine` (`Serial_num`, `Brand_Name`, `Generic_Name`, `Date_of_Manufacturing`, `Date_of_Expiration`, `Over_counter`, `Price`, `company`) VALUES (96, 'corporis', 'mollitia', '2005-06-24', '2019-06-26', 0, 7946, 77);
INSERT INTO `Medicine` (`Serial_num`, `Brand_Name`, `Generic_Name`, `Date_of_Manufacturing`, `Date_of_Expiration`, `Over_counter`, `Price`, `company`) VALUES (97, 'autem', 'repellendus', '1976-01-24', '1988-09-03', 1, 1119924, 1);
INSERT INTO `Medicine` (`Serial_num`, `Brand_Name`, `Generic_Name`, `Date_of_Manufacturing`, `Date_of_Expiration`, `Over_counter`, `Price`, `company`) VALUES (98, 'officiis', 'voluptas', '2018-11-27', '2003-12-01', 0, 5627, 82);
INSERT INTO `Medicine` (`Serial_num`, `Brand_Name`, `Generic_Name`, `Date_of_Manufacturing`, `Date_of_Expiration`, `Over_counter`, `Price`, `company`) VALUES (99, 'sequi', 'natus', '2007-02-18', '1977-01-19', 0, 7898, 15);
INSERT INTO `Medicine` (`Serial_num`, `Brand_Name`, `Generic_Name`, `Date_of_Manufacturing`, `Date_of_Expiration`, `Over_counter`, `Price`, `company`) VALUES (100, 'voluptatibus', 'deserunt', '1996-06-15', '1972-01-27', 1, 51279, 79);
INSERT INTO `Medicine` (`Serial_num`, `Brand_Name`, `Generic_Name`, `Date_of_Manufacturing`, `Date_of_Expiration`, `Over_counter`, `Price`, `company`) VALUES (101, 'nostrum', 'ut', '2022-06-06', '2014-10-25', 0, 53472, 80);
INSERT INTO `Medicine` (`Serial_num`, `Brand_Name`, `Generic_Name`, `Date_of_Manufacturing`, `Date_of_Expiration`, `Over_counter`, `Price`, `company`) VALUES (102, 'esse', 'asperiores', '2021-06-02', '1970-08-01', 0, 5267939, 96);
INSERT INTO `Medicine` (`Serial_num`, `Brand_Name`, `Generic_Name`, `Date_of_Manufacturing`, `Date_of_Expiration`, `Over_counter`, `Price`, `company`) VALUES (105, 'excepturi', 'natus', '1999-05-26', '2021-05-01', 0, 685054458, 26);
INSERT INTO `Medicine` (`Serial_num`, `Brand_Name`, `Generic_Name`, `Date_of_Manufacturing`, `Date_of_Expiration`, `Over_counter`, `Price`, `company`) VALUES (106, 'neque', 'officia', '2011-12-22', '2021-10-10', 0, 147922, 45);
INSERT INTO `Medicine` (`Serial_num`, `Brand_Name`, `Generic_Name`, `Date_of_Manufacturing`, `Date_of_Expiration`, `Over_counter`, `Price`, `company`) VALUES (107, 'ad', 'omnis', '2001-06-21', '2003-08-08', 0, 36983, 57);
INSERT INTO `Medicine` (`Serial_num`, `Brand_Name`, `Generic_Name`, `Date_of_Manufacturing`, `Date_of_Expiration`, `Over_counter`, `Price`, `company`) VALUES (108, 'aut', 'aliquid', '2004-07-13', '1995-09-19', 0, 12847, 63);
INSERT INTO `Medicine` (`Serial_num`, `Brand_Name`, `Generic_Name`, `Date_of_Manufacturing`, `Date_of_Expiration`, `Over_counter`, `Price`, `company`) VALUES (109, 'harum', 'excepturi', '2009-12-17', '1977-03-05', 0, 153486153, 8);
INSERT INTO `Medicine` (`Serial_num`, `Brand_Name`, `Generic_Name`, `Date_of_Manufacturing`, `Date_of_Expiration`, `Over_counter`, `Price`, `company`) VALUES (110, 'omnis', 'architecto', '1970-08-06', '1985-07-30', 0, 57614, 69);
INSERT INTO `Medicine` (`Serial_num`, `Brand_Name`, `Generic_Name`, `Date_of_Manufacturing`, `Date_of_Expiration`, `Over_counter`, `Price`, `company`) VALUES (111, 'voluptatem', 'quod', '2017-02-21', '1995-04-08', 0, 12611, 87);
INSERT INTO `Medicine` (`Serial_num`, `Brand_Name`, `Generic_Name`, `Date_of_Manufacturing`, `Date_of_Expiration`, `Over_counter`, `Price`, `company`) VALUES (112, 'officiis', 'ut', '1986-05-28', '2021-01-12', 0, 39023, 30);
INSERT INTO `Medicine` (`Serial_num`, `Brand_Name`, `Generic_Name`, `Date_of_Manufacturing`, `Date_of_Expiration`, `Over_counter`, `Price`, `company`) VALUES (113, 'omnis', 'eligendi', '1983-06-21', '1995-05-12', 1, 98544, 24);
INSERT INTO `Medicine` (`Serial_num`, `Brand_Name`, `Generic_Name`, `Date_of_Manufacturing`, `Date_of_Expiration`, `Over_counter`, `Price`, `company`) VALUES (114, 'voluptatibus', 'praesentium', '2000-06-25', '1987-11-25', 0, 5013290, 98);
INSERT INTO `Medicine` (`Serial_num`, `Brand_Name`, `Generic_Name`, `Date_of_Manufacturing`, `Date_of_Expiration`, `Over_counter`, `Price`, `company`) VALUES (117, 'in', 'perferendis', '1972-03-14', '2017-03-28', 1, 43523, 100);
INSERT INTO `Medicine` (`Serial_num`, `Brand_Name`, `Generic_Name`, `Date_of_Manufacturing`, `Date_of_Expiration`, `Over_counter`, `Price`, `company`) VALUES (118, 'eveniet', 'tempore', '2017-05-09', '1980-03-04', 0, 60125, 72);
INSERT INTO `Medicine` (`Serial_num`, `Brand_Name`, `Generic_Name`, `Date_of_Manufacturing`, `Date_of_Expiration`, `Over_counter`, `Price`, `company`) VALUES (119, 'dolore', 'omnis', '1979-10-21', '1983-11-04', 0, 281617302, 54);
INSERT INTO `Medicine` (`Serial_num`, `Brand_Name`, `Generic_Name`, `Date_of_Manufacturing`, `Date_of_Expiration`, `Over_counter`, `Price`, `company`) VALUES (120, 'perspiciatis', 'et', '2022-09-20', '2004-12-06', 0, 13718, 39);
INSERT INTO `Medicine` (`Serial_num`, `Brand_Name`, `Generic_Name`, `Date_of_Manufacturing`, `Date_of_Expiration`, `Over_counter`, `Price`, `company`) VALUES (121, 'qui', 'tempora', '1985-12-06', '1990-05-20', 0, 63064, 83);
INSERT INTO `Medicine` (`Serial_num`, `Brand_Name`, `Generic_Name`, `Date_of_Manufacturing`, `Date_of_Expiration`, `Over_counter`, `Price`, `company`) VALUES (122, 'eaque', 'ut', '1978-09-08', '1984-03-25', 0, 865679, 22);
INSERT INTO `Medicine` (`Serial_num`, `Brand_Name`, `Generic_Name`, `Date_of_Manufacturing`, `Date_of_Expiration`, `Over_counter`, `Price`, `company`) VALUES (124, 'ut', 'nam', '1985-01-27', '1974-12-18', 0, 889757486, 49);
INSERT INTO `Medicine` (`Serial_num`, `Brand_Name`, `Generic_Name`, `Date_of_Manufacturing`, `Date_of_Expiration`, `Over_counter`, `Price`, `company`) VALUES (125, 'deleniti', 'reiciendis', '1983-02-08', '2003-01-16', 1, 35551, 51);
INSERT INTO `Medicine` (`Serial_num`, `Brand_Name`, `Generic_Name`, `Date_of_Manufacturing`, `Date_of_Expiration`, `Over_counter`, `Price`, `company`) VALUES (128, 'temporibus', 'dolor', '1981-09-28', '2013-04-01', 1, 10511, 36);
INSERT INTO `Medicine` (`Serial_num`, `Brand_Name`, `Generic_Name`, `Date_of_Manufacturing`, `Date_of_Expiration`, `Over_counter`, `Price`, `company`) VALUES (130, 'incidunt', 'quia', '1973-08-20', '1988-01-02', 0, 68984, 7);
INSERT INTO `Medicine` (`Serial_num`, `Brand_Name`, `Generic_Name`, `Date_of_Manufacturing`, `Date_of_Expiration`, `Over_counter`, `Price`, `company`) VALUES (132, 'rerum', 'suscipit', '1984-11-10', '2012-01-27', 0, 384931775, 3);
INSERT INTO `Medicine` (`Serial_num`, `Brand_Name`, `Generic_Name`, `Date_of_Manufacturing`, `Date_of_Expiration`, `Over_counter`, `Price`, `company`) VALUES (133, 'error', 'veniam', '1992-05-24', '1980-12-13', 0, 97991, 91);
INSERT INTO `Medicine` (`Serial_num`, `Brand_Name`, `Generic_Name`, `Date_of_Manufacturing`, `Date_of_Expiration`, `Over_counter`, `Price`, `company`) VALUES (136, 'sunt', 'praesentium', '1980-11-30', '1976-12-20', 0, 3647422, 76);
INSERT INTO `Medicine` (`Serial_num`, `Brand_Name`, `Generic_Name`, `Date_of_Manufacturing`, `Date_of_Expiration`, `Over_counter`, `Price`, `company`) VALUES (137, 'dolorum', 'repudiandae', '1977-06-23', '2010-05-21', 0, 91318619, 27);
INSERT INTO `Medicine` (`Serial_num`, `Brand_Name`, `Generic_Name`, `Date_of_Manufacturing`, `Date_of_Expiration`, `Over_counter`, `Price`, `company`) VALUES (138, 'sit', 'ut', '2007-10-21', '1993-03-25', 0, 62761, 68);
INSERT INTO `Medicine` (`Serial_num`, `Brand_Name`, `Generic_Name`, `Date_of_Manufacturing`, `Date_of_Expiration`, `Over_counter`, `Price`, `company`) VALUES (140, 'cumque', 'perspiciatis', '1993-02-27', '2005-05-23', 1, 26815926, 13);
INSERT INTO `Medicine` (`Serial_num`, `Brand_Name`, `Generic_Name`, `Date_of_Manufacturing`, `Date_of_Expiration`, `Over_counter`, `Price`, `company`) VALUES (141, 'facere', 'commodi', '2017-05-30', '2007-12-18', 1, 95847, 75);
INSERT INTO `Medicine` (`Serial_num`, `Brand_Name`, `Generic_Name`, `Date_of_Manufacturing`, `Date_of_Expiration`, `Over_counter`, `Price`, `company`) VALUES (143, 'nihil', 'ipsa', '2021-09-04', '1991-06-11', 1, 53812705, 74);
INSERT INTO `Medicine` (`Serial_num`, `Brand_Name`, `Generic_Name`, `Date_of_Manufacturing`, `Date_of_Expiration`, `Over_counter`, `Price`, `company`) VALUES (144, 'voluptas', 'omnis', '2008-06-14', '2022-03-22', 0, 3587600, 67);
INSERT INTO `Medicine` (`Serial_num`, `Brand_Name`, `Generic_Name`, `Date_of_Manufacturing`, `Date_of_Expiration`, `Over_counter`, `Price`, `company`) VALUES (145, 'ea', 'reiciendis', '1971-12-18', '2006-03-24', 0, 259331144, 43);
INSERT INTO `Medicine` (`Serial_num`, `Brand_Name`, `Generic_Name`, `Date_of_Manufacturing`, `Date_of_Expiration`, `Over_counter`, `Price`, `company`) VALUES (147, 'libero', 'soluta', '1971-02-07', '1999-11-21', 1, 87127, 47);
INSERT INTO `Medicine` (`Serial_num`, `Brand_Name`, `Generic_Name`, `Date_of_Manufacturing`, `Date_of_Expiration`, `Over_counter`, `Price`, `company`) VALUES (148, 'harum', 'omnis', '2013-02-18', '1999-10-18', 1, 27046453, 6);
INSERT INTO `Medicine` (`Serial_num`, `Brand_Name`, `Generic_Name`, `Date_of_Manufacturing`, `Date_of_Expiration`, `Over_counter`, `Price`, `company`) VALUES (149, 'quibusdam', 'numquam', '1995-10-09', '1993-06-12', 1, 64292, 92);



create table Users(
User_ID INT NOT NULL ,
User_Name VARCHAR(50) NOT NULL,
User_Password VARCHAR(50) NOT NULL,
Age int(2) NOT NULL,
Phone_Num VARCHAR(11) NOT NULL,
primary key(User_ID),
constraint agecheck check (Age>18)
);
INSERT INTO `Users` (`User_ID`, `User_Name`, `User_Password`, `Age`, `Phone_Num`) VALUES (1, 'Rusty Langosh', 'velit', 54, '(155)074-62');
INSERT INTO `Users` (`User_ID`, `User_Name`, `User_Password`, `Age`, `Phone_Num`) VALUES (2, 'Charity Davis DVM', 'excepturi', 92, '06198356877');
INSERT INTO `Users` (`User_ID`, `User_Name`, `User_Password`, `Age`, `Phone_Num`) VALUES (4, 'Abdullah O\'Reilly III', 'aut', 46, '692-614-217');
INSERT INTO `Users` (`User_ID`, `User_Name`, `User_Password`, `Age`, `Phone_Num`) VALUES (6, 'Priscilla Hand', 'voluptatum', 54, '+95(3)10053');
INSERT INTO `Users` (`User_ID`, `User_Name`, `User_Password`, `Age`, `Phone_Num`) VALUES (7, 'Prof. Ova Quigley', 'voluptate', 48, '147.327.932');
INSERT INTO `Users` (`User_ID`, `User_Name`, `User_Password`, `Age`, `Phone_Num`) VALUES (8, 'Ms. Makayla Hauck PhD', 'aut', 40, '1-521-826-2');
INSERT INTO `Users` (`User_ID`, `User_Name`, `User_Password`, `Age`, `Phone_Num`) VALUES (9, 'Jordi Corkery', 'modi', 55, '1-446-551-0');
INSERT INTO `Users` (`User_ID`, `User_Name`, `User_Password`, `Age`, `Phone_Num`) VALUES (10, 'Sydney Boehm', 'illum', 100, '(905)002-38');
INSERT INTO `Users` (`User_ID`, `User_Name`, `User_Password`, `Age`, `Phone_Num`) VALUES (11, 'Joel Dare', 'atque', 39, '01515553543');
INSERT INTO `Users` (`User_ID`, `User_Name`, `User_Password`, `Age`, `Phone_Num`) VALUES (12, 'Dr. Gerald Windler MD', 'suscipit', 22, '(766)858-51');
INSERT INTO `Users` (`User_ID`, `User_Name`, `User_Password`, `Age`, `Phone_Num`) VALUES (13, 'Alan Kessler', 'tenetur', 30, '1-884-194-3');
INSERT INTO `Users` (`User_ID`, `User_Name`, `User_Password`, `Age`, `Phone_Num`) VALUES (14, 'Ena Abshire', 'in', 85, '402-292-602');
INSERT INTO `Users` (`User_ID`, `User_Name`, `User_Password`, `Age`, `Phone_Num`) VALUES (15, 'Maria Ernser', 'qui', 49, '655.469.277');
INSERT INTO `Users` (`User_ID`, `User_Name`, `User_Password`, `Age`, `Phone_Num`) VALUES (17, 'Destinee Gaylord', 'fugiat', 23, '+72(0)47514');
INSERT INTO `Users` (`User_ID`, `User_Name`, `User_Password`, `Age`, `Phone_Num`) VALUES (19, 'Prof. Hiram Rau', 'iusto', 51, '(179)643-49');
INSERT INTO `Users` (`User_ID`, `User_Name`, `User_Password`, `Age`, `Phone_Num`) VALUES (21, 'Brock Lockman', 'dolore', 68, '(845)950-70');
INSERT INTO `Users` (`User_ID`, `User_Name`, `User_Password`, `Age`, `Phone_Num`) VALUES (23, 'Mara Wisoky', 'assumenda', 48, '316-346-414');
INSERT INTO `Users` (`User_ID`, `User_Name`, `User_Password`, `Age`, `Phone_Num`) VALUES (24, 'Alda Heller', 'saepe', 85, '714-683-578');
INSERT INTO `Users` (`User_ID`, `User_Name`, `User_Password`, `Age`, `Phone_Num`) VALUES (25, 'Mrs. Pamela Schumm Sr.', 'deserunt', 25, '278.017.973');
INSERT INTO `Users` (`User_ID`, `User_Name`, `User_Password`, `Age`, `Phone_Num`) VALUES (27, 'Eliza Conroy', 'minus', 90, '(404)702-14');
INSERT INTO `Users` (`User_ID`, `User_Name`, `User_Password`, `Age`, `Phone_Num`) VALUES (29, 'Hertha Schuppe', 'magnam', 73, '253.428.357');
INSERT INTO `Users` (`User_ID`, `User_Name`, `User_Password`, `Age`, `Phone_Num`) VALUES (30, 'Prof. Margarete Hegmann', 'labore', 33, '963.104.795');
INSERT INTO `Users` (`User_ID`, `User_Name`, `User_Password`, `Age`, `Phone_Num`) VALUES (33, 'Dr. Uriel O\'Reilly', 'exercitationem', 91, '(763)500-67');
INSERT INTO `Users` (`User_ID`, `User_Name`, `User_Password`, `Age`, `Phone_Num`) VALUES (34, 'Maritza Friesen', 'voluptatibus', 82, '088.470.294');
INSERT INTO `Users` (`User_ID`, `User_Name`, `User_Password`, `Age`, `Phone_Num`) VALUES (35, 'Casandra Brekke', 'esse', 27, '+80(8)79212');
INSERT INTO `Users` (`User_ID`, `User_Name`, `User_Password`, `Age`, `Phone_Num`) VALUES (36, 'Dr. Horacio Jakubowski', 'eum', 82, '758-396-831');
INSERT INTO `Users` (`User_ID`, `User_Name`, `User_Password`, `Age`, `Phone_Num`) VALUES (38, 'Lance Pacocha V', 'dolores', 32, '288.471.142');
INSERT INTO `Users` (`User_ID`, `User_Name`, `User_Password`, `Age`, `Phone_Num`) VALUES (39, 'Lucienne Bartell DVM', 'qui', 79, '+05(8)94878');
INSERT INTO `Users` (`User_ID`, `User_Name`, `User_Password`, `Age`, `Phone_Num`) VALUES (40, 'Breana Graham', 'est', 25, '1-306-159-2');
INSERT INTO `Users` (`User_ID`, `User_Name`, `User_Password`, `Age`, `Phone_Num`) VALUES (41, 'Gaetano Treutel', 'aut', 61, '04973731794');
INSERT INTO `Users` (`User_ID`, `User_Name`, `User_Password`, `Age`, `Phone_Num`) VALUES (42, 'Earlene Kling', 'quis', 21, '09909885210');
INSERT INTO `Users` (`User_ID`, `User_Name`, `User_Password`, `Age`, `Phone_Num`) VALUES (43, 'Esta Koelpin', 'sed', 25, '(669)969-17');
INSERT INTO `Users` (`User_ID`, `User_Name`, `User_Password`, `Age`, `Phone_Num`) VALUES (46, 'Mr. Junius Pacocha DDS', 'nihil', 72, '+62(8)56991');
INSERT INTO `Users` (`User_ID`, `User_Name`, `User_Password`, `Age`, `Phone_Num`) VALUES (48, 'Ms. Celestine Trantow', 'quia', 87, '+80(0)37030');
INSERT INTO `Users` (`User_ID`, `User_Name`, `User_Password`, `Age`, `Phone_Num`) VALUES (50, 'Lennie Wisozk', 'velit', 77, '(668)359-18');
INSERT INTO `Users` (`User_ID`, `User_Name`, `User_Password`, `Age`, `Phone_Num`) VALUES (51, 'Lorine Okuneva', 'qui', 97, '1-491-362-3');
INSERT INTO `Users` (`User_ID`, `User_Name`, `User_Password`, `Age`, `Phone_Num`) VALUES (52, 'Mr. Izaiah Kirlin V', 'voluptatem', 76, '1-531-172-5');
INSERT INTO `Users` (`User_ID`, `User_Name`, `User_Password`, `Age`, `Phone_Num`) VALUES (54, 'Noemie Metz', 'aut', 25, '273.860.501');
INSERT INTO `Users` (`User_ID`, `User_Name`, `User_Password`, `Age`, `Phone_Num`) VALUES (55, 'Mrs. Ashley Lynch', 'natus', 66, '1-283-489-4');
INSERT INTO `Users` (`User_ID`, `User_Name`, `User_Password`, `Age`, `Phone_Num`) VALUES (59, 'Therese Macejkovic', 'ab', 35, '+78(5)58601');
INSERT INTO `Users` (`User_ID`, `User_Name`, `User_Password`, `Age`, `Phone_Num`) VALUES (60, 'Tevin Hartmann', 'saepe', 23, '431-755-650');
INSERT INTO `Users` (`User_ID`, `User_Name`, `User_Password`, `Age`, `Phone_Num`) VALUES (64, 'Antonietta Wisoky III', 'nihil', 50, '218.565.999');
INSERT INTO `Users` (`User_ID`, `User_Name`, `User_Password`, `Age`, `Phone_Num`) VALUES (65, 'Dr. Nicolette Heathcote Jr.', 'consequatur', 74, '356-366-540');
INSERT INTO `Users` (`User_ID`, `User_Name`, `User_Password`, `Age`, `Phone_Num`) VALUES (66, 'Daniella Fadel', 'vitae', 62, '443.375.902');
INSERT INTO `Users` (`User_ID`, `User_Name`, `User_Password`, `Age`, `Phone_Num`) VALUES (68, 'Jett Ferry IV', 'necessitatibus', 71, '402-387-911');
INSERT INTO `Users` (`User_ID`, `User_Name`, `User_Password`, `Age`, `Phone_Num`) VALUES (69, 'Dr. Turner Abbott', 'rerum', 75, '577-409-785');
INSERT INTO `Users` (`User_ID`, `User_Name`, `User_Password`, `Age`, `Phone_Num`) VALUES (71, 'Tiara Ryan', 'iste', 74, '1-627-821-1');
INSERT INTO `Users` (`User_ID`, `User_Name`, `User_Password`, `Age`, `Phone_Num`) VALUES (72, 'Alvera Swaniawski', 'quod', 59, '1-605-780-9');
INSERT INTO `Users` (`User_ID`, `User_Name`, `User_Password`, `Age`, `Phone_Num`) VALUES (73, 'Ms. Hortense Kozey', 'sit', 51, '782-588-168');
INSERT INTO `Users` (`User_ID`, `User_Name`, `User_Password`, `Age`, `Phone_Num`) VALUES (74, 'Prof. Timmothy Rempel', 'mollitia', 70, '00464675555');
INSERT INTO `Users` (`User_ID`, `User_Name`, `User_Password`, `Age`, `Phone_Num`) VALUES (76, 'Dorcas Nolan', 'accusamus', 69, '(528)598-00');
INSERT INTO `Users` (`User_ID`, `User_Name`, `User_Password`, `Age`, `Phone_Num`) VALUES (79, 'Alexane Thompson', 'ipsam', 66, '928-576-484');
INSERT INTO `Users` (`User_ID`, `User_Name`, `User_Password`, `Age`, `Phone_Num`) VALUES (80, 'Deanna Fay DVM', 'consequatur', 74, '033.588.054');
INSERT INTO `Users` (`User_ID`, `User_Name`, `User_Password`, `Age`, `Phone_Num`) VALUES (81, 'Dallin McGlynn', 'officiis', 28, '1-876-918-2');
INSERT INTO `Users` (`User_ID`, `User_Name`, `User_Password`, `Age`, `Phone_Num`) VALUES (82, 'Darron Smitham', 'assumenda', 83, '999-425-907');
INSERT INTO `Users` (`User_ID`, `User_Name`, `User_Password`, `Age`, `Phone_Num`) VALUES (83, 'Hope Tillman', 'qui', 41, '1-653-176-6');
INSERT INTO `Users` (`User_ID`, `User_Name`, `User_Password`, `Age`, `Phone_Num`) VALUES (85, 'Dr. Odell Davis Sr.', 'illo', 23, '(275)682-65');
INSERT INTO `Users` (`User_ID`, `User_Name`, `User_Password`, `Age`, `Phone_Num`) VALUES (86, 'Lon Okuneva', 'est', 97, '(437)440-07');
INSERT INTO `Users` (`User_ID`, `User_Name`, `User_Password`, `Age`, `Phone_Num`) VALUES (88, 'Mrs. Lavada O\'Reilly DDS', 'error', 71, '813-074-496');
INSERT INTO `Users` (`User_ID`, `User_Name`, `User_Password`, `Age`, `Phone_Num`) VALUES (89, 'Stanley Bartoletti', 'excepturi', 64, '439-139-597');
INSERT INTO `Users` (`User_ID`, `User_Name`, `User_Password`, `Age`, `Phone_Num`) VALUES (90, 'Ms. Emmanuelle Nicolas Sr.', 'qui', 22, '(534)057-54');
INSERT INTO `Users` (`User_ID`, `User_Name`, `User_Password`, `Age`, `Phone_Num`) VALUES (91, 'Cayla Rohan', 'voluptatem', 55, '831.724.603');
INSERT INTO `Users` (`User_ID`, `User_Name`, `User_Password`, `Age`, `Phone_Num`) VALUES (92, 'Dr. Sydney Cole III', 'ab', 47, '(242)586-40');
INSERT INTO `Users` (`User_ID`, `User_Name`, `User_Password`, `Age`, `Phone_Num`) VALUES (93, 'Russ Mayert', 'provident', 58, '08216969327');
INSERT INTO `Users` (`User_ID`, `User_Name`, `User_Password`, `Age`, `Phone_Num`) VALUES (94, 'Prof. Shyann Ernser III', 'harum', 25, '+77(8)99431');
INSERT INTO `Users` (`User_ID`, `User_Name`, `User_Password`, `Age`, `Phone_Num`) VALUES (95, 'Beaulah Jacobi', 'velit', 80, '1-143-808-0');
INSERT INTO `Users` (`User_ID`, `User_Name`, `User_Password`, `Age`, `Phone_Num`) VALUES (98, 'Dr. Andrew Keeling Sr.', 'omnis', 78, '(461)028-68');
INSERT INTO `Users` (`User_ID`, `User_Name`, `User_Password`, `Age`, `Phone_Num`) VALUES (100, 'Matteo Bradtke', 'sit', 96, '(680)175-97');
INSERT INTO `Users` (`User_ID`, `User_Name`, `User_Password`, `Age`, `Phone_Num`) VALUES (101, 'Kaelyn Champlin', 'omnis', 64, '1-077-380-1');
INSERT INTO `Users` (`User_ID`, `User_Name`, `User_Password`, `Age`, `Phone_Num`) VALUES (103, 'Prof. Shyann Bradtke', 'hic', 78, '1-853-912-7');
INSERT INTO `Users` (`User_ID`, `User_Name`, `User_Password`, `Age`, `Phone_Num`) VALUES (105, 'Daron Walter', 'eaque', 53, '089-216-327');
INSERT INTO `Users` (`User_ID`, `User_Name`, `User_Password`, `Age`, `Phone_Num`) VALUES (107, 'Theresia Zemlak', 'molestiae', 90, '406.856.852');
INSERT INTO `Users` (`User_ID`, `User_Name`, `User_Password`, `Age`, `Phone_Num`) VALUES (109, 'Miss Genoveva Koch III', 'temporibus', 57, '(726)553-87');
INSERT INTO `Users` (`User_ID`, `User_Name`, `User_Password`, `Age`, `Phone_Num`) VALUES (110, 'Mrs. Dessie Dibbert', 'tenetur', 78, '463-729-931');
INSERT INTO `Users` (`User_ID`, `User_Name`, `User_Password`, `Age`, `Phone_Num`) VALUES (116, 'Ora Dare', 'non', 87, '738.074.050');
INSERT INTO `Users` (`User_ID`, `User_Name`, `User_Password`, `Age`, `Phone_Num`) VALUES (117, 'Prof. Violette Spencer II', 'aut', 55, '(109)470-02');
INSERT INTO `Users` (`User_ID`, `User_Name`, `User_Password`, `Age`, `Phone_Num`) VALUES (118, 'Dr. Myles Hermiston II', 'sint', 96, '533.248.507');
INSERT INTO `Users` (`User_ID`, `User_Name`, `User_Password`, `Age`, `Phone_Num`) VALUES (119, 'Kristin Kling V', 'ratione', 97, '023.468.068');
INSERT INTO `Users` (`User_ID`, `User_Name`, `User_Password`, `Age`, `Phone_Num`) VALUES (121, 'Russel Kreiger', 'consequuntur', 29, '1-063-109-8');
INSERT INTO `Users` (`User_ID`, `User_Name`, `User_Password`, `Age`, `Phone_Num`) VALUES (122, 'Margaretta Walter', 'quia', 23, '1-820-529-2');
INSERT INTO `Users` (`User_ID`, `User_Name`, `User_Password`, `Age`, `Phone_Num`) VALUES (124, 'Emmanuel Bogan', 'consequatur', 39, '(675)906-34');
INSERT INTO `Users` (`User_ID`, `User_Name`, `User_Password`, `Age`, `Phone_Num`) VALUES (125, 'Nya Hammes', 'natus', 73, '(727)962-25');
INSERT INTO `Users` (`User_ID`, `User_Name`, `User_Password`, `Age`, `Phone_Num`) VALUES (126, 'Prof. Leonor Dietrich MD', 'esse', 89, '(076)160-14');
INSERT INTO `Users` (`User_ID`, `User_Name`, `User_Password`, `Age`, `Phone_Num`) VALUES (127, 'Jeffery Koch', 'blanditiis', 98, '+85(4)17926');
INSERT INTO `Users` (`User_ID`, `User_Name`, `User_Password`, `Age`, `Phone_Num`) VALUES (128, 'Miss Margarita Conroy', 'minima', 69, '222.308.892');
INSERT INTO `Users` (`User_ID`, `User_Name`, `User_Password`, `Age`, `Phone_Num`) VALUES (129, 'Gisselle Altenwerth', 'beatae', 74, '(871)535-99');
INSERT INTO `Users` (`User_ID`, `User_Name`, `User_Password`, `Age`, `Phone_Num`) VALUES (130, 'Vanessa Bins', 'et', 83, '+62(6)41940');
INSERT INTO `Users` (`User_ID`, `User_Name`, `User_Password`, `Age`, `Phone_Num`) VALUES (133, 'Dr. Rodrick Konopelski II', 'officia', 34, '05381616177');
INSERT INTO `Users` (`User_ID`, `User_Name`, `User_Password`, `Age`, `Phone_Num`) VALUES (134, 'Prof. Matilde Steuber', 'est', 35, '671.528.049');
INSERT INTO `Users` (`User_ID`, `User_Name`, `User_Password`, `Age`, `Phone_Num`) VALUES (135, 'Prof. Tracey Heaney', 'qui', 75, '(427)204-40');
INSERT INTO `Users` (`User_ID`, `User_Name`, `User_Password`, `Age`, `Phone_Num`) VALUES (137, 'Kelley Kling', 'quo', 80, '(441)673-95');
INSERT INTO `Users` (`User_ID`, `User_Name`, `User_Password`, `Age`, `Phone_Num`) VALUES (138, 'Dr. Joshuah Dickens', 'iusto', 32, '+65(1)90925');
INSERT INTO `Users` (`User_ID`, `User_Name`, `User_Password`, `Age`, `Phone_Num`) VALUES (140, 'Sincere Leuschke', 'sed', 84, '444-475-291');
INSERT INTO `Users` (`User_ID`, `User_Name`, `User_Password`, `Age`, `Phone_Num`) VALUES (141, 'Hattie Raynor', 'repudiandae', 59, '1-307-945-6');
INSERT INTO `Users` (`User_ID`, `User_Name`, `User_Password`, `Age`, `Phone_Num`) VALUES (143, 'Mr. Johann Maggio Jr.', 'in', 71, '669.251.815');
INSERT INTO `Users` (`User_ID`, `User_Name`, `User_Password`, `Age`, `Phone_Num`) VALUES (144, 'Loren Ullrich III', 'placeat', 87, '105-039-392');
INSERT INTO `Users` (`User_ID`, `User_Name`, `User_Password`, `Age`, `Phone_Num`) VALUES (147, 'Mrs. Suzanne Paucek Sr.', 'occaecati', 21, '1-676-759-8');
INSERT INTO `Users` (`User_ID`, `User_Name`, `User_Password`, `Age`, `Phone_Num`) VALUES (148, 'Gretchen Vandervort', 'consequatur', 97, '1-169-019-4');
INSERT INTO `Users` (`User_ID`, `User_Name`, `User_Password`, `Age`, `Phone_Num`) VALUES (149, 'Cooper Murazik', 'tempora', 93, '544-823-250');
INSERT INTO `Users` (`User_ID`, `User_Name`, `User_Password`, `Age`, `Phone_Num`) VALUES (150, 'Remington Cruickshank', 'odio', 39, '1-464-715-8');


create table Doctor(
Doctor_ID INT NOT NULL ,
Doctor_Name VARCHAR(50) NOT NULL,
Age INT(2) check(age>=18),
Phone_Num VARCHAR(11) ,
Degree VARCHAR(50),
User_ID int,
foreign key(User_ID) references Users(User_ID),
primary key(Doctor_ID)
);
INSERT INTO `Doctor` (`Doctor_ID`, `Doctor_Name`, `Age`, `Phone_Num`, `Degree`, `User_ID`) VALUES (1, 'illum', 47, '(773)192-78', 'j', 109);
INSERT INTO `Doctor` (`Doctor_ID`, `Doctor_Name`, `Age`, `Phone_Num`, `Degree`, `User_ID`) VALUES (2, 'totam', 51, '1-114-443-9', 'k', 72);
INSERT INTO `Doctor` (`Doctor_ID`, `Doctor_Name`, `Age`, `Phone_Num`, `Degree`, `User_ID`) VALUES (3, 'quam', 57, '064.090.324', 'g', 148);
INSERT INTO `Doctor` (`Doctor_ID`, `Doctor_Name`, `Age`, `Phone_Num`, `Degree`, `User_ID`) VALUES (4, 'mollitia', 33, '342-491-544', 'h', 89);
INSERT INTO `Doctor` (`Doctor_ID`, `Doctor_Name`, `Age`, `Phone_Num`, `Degree`, `User_ID`) VALUES (5, 'eos', 24, '870-354-759', 'b', 69);
INSERT INTO `Doctor` (`Doctor_ID`, `Doctor_Name`, `Age`, `Phone_Num`, `Degree`, `User_ID`) VALUES (6, 'itaque', 66, '(063)887-24', 'j', 60);
INSERT INTO `Doctor` (`Doctor_ID`, `Doctor_Name`, `Age`, `Phone_Num`, `Degree`, `User_ID`) VALUES (7, 'omnis', 66, '(572)547-41', 'c', 64);
INSERT INTO `Doctor` (`Doctor_ID`, `Doctor_Name`, `Age`, `Phone_Num`, `Degree`, `User_ID`) VALUES (8, 'illum', 50, '088.863.747', 'b', 50);
INSERT INTO `Doctor` (`Doctor_ID`, `Doctor_Name`, `Age`, `Phone_Num`, `Degree`, `User_ID`) VALUES (9, 'modi', 38, '(207)419-67', 'w', 126);
INSERT INTO `Doctor` (`Doctor_ID`, `Doctor_Name`, `Age`, `Phone_Num`, `Degree`, `User_ID`) VALUES (10, 'maxime', 28, '(559)806-80', 'm', 54);
INSERT INTO `Doctor` (`Doctor_ID`, `Doctor_Name`, `Age`, `Phone_Num`, `Degree`, `User_ID`) VALUES (11, 'et', 38, '138.361.580', 't', 66);
INSERT INTO `Doctor` (`Doctor_ID`, `Doctor_Name`, `Age`, `Phone_Num`, `Degree`, `User_ID`) VALUES (12, 'qui', 52, '662-445-991', 'f', 39);
INSERT INTO `Doctor` (`Doctor_ID`, `Doctor_Name`, `Age`, `Phone_Num`, `Degree`, `User_ID`) VALUES (13, 'distinctio', 61, '08482664159', 'o', 41);
INSERT INTO `Doctor` (`Doctor_ID`, `Doctor_Name`, `Age`, `Phone_Num`, `Degree`, `User_ID`) VALUES (14, 'ipsum', 32, '1-339-245-9', 'w', 24);
INSERT INTO `Doctor` (`Doctor_ID`, `Doctor_Name`, `Age`, `Phone_Num`, `Degree`, `User_ID`) VALUES (15, 'quasi', 43, '1-150-136-9', 'm', 30);
INSERT INTO `Doctor` (`Doctor_ID`, `Doctor_Name`, `Age`, `Phone_Num`, `Degree`, `User_ID`) VALUES (16, 'pariatur', 39, '420-979-046', 'l', 95);
INSERT INTO `Doctor` (`Doctor_ID`, `Doctor_Name`, `Age`, `Phone_Num`, `Degree`, `User_ID`) VALUES (17, 'nemo', 48, '00527963948', 't', 101);
INSERT INTO `Doctor` (`Doctor_ID`, `Doctor_Name`, `Age`, `Phone_Num`, `Degree`, `User_ID`) VALUES (18, 'laudantium', 76, '744.782.126', 'a', 82);
INSERT INTO `Doctor` (`Doctor_ID`, `Doctor_Name`, `Age`, `Phone_Num`, `Degree`, `User_ID`) VALUES (19, 'et', 34, '1-103-416-2', 'x', 140);
INSERT INTO `Doctor` (`Doctor_ID`, `Doctor_Name`, `Age`, `Phone_Num`, `Degree`, `User_ID`) VALUES (20, 'commodi', 57, '081.953.239', 'b', 12);
INSERT INTO `Doctor` (`Doctor_ID`, `Doctor_Name`, `Age`, `Phone_Num`, `Degree`, `User_ID`) VALUES (21, 'a', 70, '1-104-361-3', 'j', 52);
INSERT INTO `Doctor` (`Doctor_ID`, `Doctor_Name`, `Age`, `Phone_Num`, `Degree`, `User_ID`) VALUES (22, 'expedita', 40, '(432)457-39', 'v', 94);
INSERT INTO `Doctor` (`Doctor_ID`, `Doctor_Name`, `Age`, `Phone_Num`, `Degree`, `User_ID`) VALUES (23, 'dolorem', 26, '1-741-208-2', 'd', 122);
INSERT INTO `Doctor` (`Doctor_ID`, `Doctor_Name`, `Age`, `Phone_Num`, `Degree`, `User_ID`) VALUES (24, 'sit', 79, '1-001-329-0', 'i', 135);
INSERT INTO `Doctor` (`Doctor_ID`, `Doctor_Name`, `Age`, `Phone_Num`, `Degree`, `User_ID`) VALUES (25, 'voluptatem', 56, '299.863.389', 'm', 71);
INSERT INTO `Doctor` (`Doctor_ID`, `Doctor_Name`, `Age`, `Phone_Num`, `Degree`, `User_ID`) VALUES (26, 'quaerat', 79, '475-499-566', 'k', 129);
INSERT INTO `Doctor` (`Doctor_ID`, `Doctor_Name`, `Age`, `Phone_Num`, `Degree`, `User_ID`) VALUES (27, 'et', 75, '+69(2)84333', 'p', 29);
INSERT INTO `Doctor` (`Doctor_ID`, `Doctor_Name`, `Age`, `Phone_Num`, `Degree`, `User_ID`) VALUES (28, 'incidunt', 45, '(063)826-36', 'a', 92);
INSERT INTO `Doctor` (`Doctor_ID`, `Doctor_Name`, `Age`, `Phone_Num`, `Degree`, `User_ID`) VALUES (29, 'velit', 68, '1-582-698-1', 'z', 118);
INSERT INTO `Doctor` (`Doctor_ID`, `Doctor_Name`, `Age`, `Phone_Num`, `Degree`, `User_ID`) VALUES (30, 'est', 43, '(423)387-59', 'k', 137);
INSERT INTO `Doctor` (`Doctor_ID`, `Doctor_Name`, `Age`, `Phone_Num`, `Degree`, `User_ID`) VALUES (31, 'et', 35, '037.505.023', 'q', 79);
INSERT INTO `Doctor` (`Doctor_ID`, `Doctor_Name`, `Age`, `Phone_Num`, `Degree`, `User_ID`) VALUES (32, 'optio', 45, '881-680-460', 'n', 51);
INSERT INTO `Doctor` (`Doctor_ID`, `Doctor_Name`, `Age`, `Phone_Num`, `Degree`, `User_ID`) VALUES (33, 'quo', 79, '730-089-889', 'b', 76);
INSERT INTO `Doctor` (`Doctor_ID`, `Doctor_Name`, `Age`, `Phone_Num`, `Degree`, `User_ID`) VALUES (34, 'quis', 57, '975-597-032', 'd', 13);
INSERT INTO `Doctor` (`Doctor_ID`, `Doctor_Name`, `Age`, `Phone_Num`, `Degree`, `User_ID`) VALUES (35, 'officia', 61, '(778)778-83', 'p', 81);
INSERT INTO `Doctor` (`Doctor_ID`, `Doctor_Name`, `Age`, `Phone_Num`, `Degree`, `User_ID`) VALUES (36, 'voluptate', 35, '095-560-600', 'l', 90);
INSERT INTO `Doctor` (`Doctor_ID`, `Doctor_Name`, `Age`, `Phone_Num`, `Degree`, `User_ID`) VALUES (37, 'iste', 72, '(026)374-50', 'o', 133);
INSERT INTO `Doctor` (`Doctor_ID`, `Doctor_Name`, `Age`, `Phone_Num`, `Degree`, `User_ID`) VALUES (38, 'repellendus', 67, '324.753.247', 'z', 147);
INSERT INTO `Doctor` (`Doctor_ID`, `Doctor_Name`, `Age`, `Phone_Num`, `Degree`, `User_ID`) VALUES (39, 'officia', 50, '1-463-405-3', 'w', 73);
INSERT INTO `Doctor` (`Doctor_ID`, `Doctor_Name`, `Age`, `Phone_Num`, `Degree`, `User_ID`) VALUES (40, 'rerum', 46, '1-893-525-6', 'y', 98);
INSERT INTO `Doctor` (`Doctor_ID`, `Doctor_Name`, `Age`, `Phone_Num`, `Degree`, `User_ID`) VALUES (41, 'sint', 66, '801.498.023', 'b', 125);
INSERT INTO `Doctor` (`Doctor_ID`, `Doctor_Name`, `Age`, `Phone_Num`, `Degree`, `User_ID`) VALUES (42, 'sequi', 38, '376.973.008', 'r', 2);
INSERT INTO `Doctor` (`Doctor_ID`, `Doctor_Name`, `Age`, `Phone_Num`, `Degree`, `User_ID`) VALUES (43, 'consequatur', 36, '06833342634', 'u', 105);
INSERT INTO `Doctor` (`Doctor_ID`, `Doctor_Name`, `Age`, `Phone_Num`, `Degree`, `User_ID`) VALUES (44, 'aut', 40, '745.868.517', 'e', 116);
INSERT INTO `Doctor` (`Doctor_ID`, `Doctor_Name`, `Age`, `Phone_Num`, `Degree`, `User_ID`) VALUES (45, 'recusandae', 29, '07084629943', 'd', 42);
INSERT INTO `Doctor` (`Doctor_ID`, `Doctor_Name`, `Age`, `Phone_Num`, `Degree`, `User_ID`) VALUES (46, 'soluta', 30, '753-947-234', 't', 21);
INSERT INTO `Doctor` (`Doctor_ID`, `Doctor_Name`, `Age`, `Phone_Num`, `Degree`, `User_ID`) VALUES (47, 'rerum', 45, '456-726-664', 't', 17);
INSERT INTO `Doctor` (`Doctor_ID`, `Doctor_Name`, `Age`, `Phone_Num`, `Degree`, `User_ID`) VALUES (48, 'sed', 66, '+79(8)65427', 'd', 121);
INSERT INTO `Doctor` (`Doctor_ID`, `Doctor_Name`, `Age`, `Phone_Num`, `Degree`, `User_ID`) VALUES (49, 'doloremque', 76, '(544)676-02', 'k', 85);
INSERT INTO `Doctor` (`Doctor_ID`, `Doctor_Name`, `Age`, `Phone_Num`, `Degree`, `User_ID`) VALUES (50, 'ut', 34, '+19(1)64074', 's', 80);
INSERT INTO `Doctor` (`Doctor_ID`, `Doctor_Name`, `Age`, `Phone_Num`, `Degree`, `User_ID`) VALUES (51, 'tenetur', 55, '690-900-178', 'k', 100);
INSERT INTO `Doctor` (`Doctor_ID`, `Doctor_Name`, `Age`, `Phone_Num`, `Degree`, `User_ID`) VALUES (52, 'error', 27, '931-639-127', 'u', 83);
INSERT INTO `Doctor` (`Doctor_ID`, `Doctor_Name`, `Age`, `Phone_Num`, `Degree`, `User_ID`) VALUES (53, 'ad', 29, '08856099732', 'u', 8);
INSERT INTO `Doctor` (`Doctor_ID`, `Doctor_Name`, `Age`, `Phone_Num`, `Degree`, `User_ID`) VALUES (54, 'et', 38, '(874)537-72', 'b', 128);
INSERT INTO `Doctor` (`Doctor_ID`, `Doctor_Name`, `Age`, `Phone_Num`, `Degree`, `User_ID`) VALUES (55, 'harum', 51, '871.146.243', 'i', 10);
INSERT INTO `Doctor` (`Doctor_ID`, `Doctor_Name`, `Age`, `Phone_Num`, `Degree`, `User_ID`) VALUES (56, 'et', 75, '569.623.318', 'c', 4);
INSERT INTO `Doctor` (`Doctor_ID`, `Doctor_Name`, `Age`, `Phone_Num`, `Degree`, `User_ID`) VALUES (57, 'quis', 76, '028.864.287', 'c', 11);
INSERT INTO `Doctor` (`Doctor_ID`, `Doctor_Name`, `Age`, `Phone_Num`, `Degree`, `User_ID`) VALUES (58, 'alias', 26, '601.075.897', 'f', 93);
INSERT INTO `Doctor` (`Doctor_ID`, `Doctor_Name`, `Age`, `Phone_Num`, `Degree`, `User_ID`) VALUES (59, 'iusto', 67, '334.787.193', 'a', 91);
INSERT INTO `Doctor` (`Doctor_ID`, `Doctor_Name`, `Age`, `Phone_Num`, `Degree`, `User_ID`) VALUES (60, 'ratione', 52, '1-687-743-7', 'c', 48);
INSERT INTO `Doctor` (`Doctor_ID`, `Doctor_Name`, `Age`, `Phone_Num`, `Degree`, `User_ID`) VALUES (61, 'dicta', 30, '506-447-627', 'a', 15);
INSERT INTO `Doctor` (`Doctor_ID`, `Doctor_Name`, `Age`, `Phone_Num`, `Degree`, `User_ID`) VALUES (62, 'est', 61, '03809090267', 'g', 103);
INSERT INTO `Doctor` (`Doctor_ID`, `Doctor_Name`, `Age`, `Phone_Num`, `Degree`, `User_ID`) VALUES (63, 'ducimus', 80, '495.398.128', 'l', 40);
INSERT INTO `Doctor` (`Doctor_ID`, `Doctor_Name`, `Age`, `Phone_Num`, `Degree`, `User_ID`) VALUES (64, 'et', 61, '526.642.698', 'j', 23);
INSERT INTO `Doctor` (`Doctor_ID`, `Doctor_Name`, `Age`, `Phone_Num`, `Degree`, `User_ID`) VALUES (65, 'ea', 71, '(696)345-85', 't', 143);
INSERT INTO `Doctor` (`Doctor_ID`, `Doctor_Name`, `Age`, `Phone_Num`, `Degree`, `User_ID`) VALUES (66, 'tenetur', 51, '823-596-961', 'g', 119);
INSERT INTO `Doctor` (`Doctor_ID`, `Doctor_Name`, `Age`, `Phone_Num`, `Degree`, `User_ID`) VALUES (67, 'et', 34, '(529)418-61', 's', 55);
INSERT INTO `Doctor` (`Doctor_ID`, `Doctor_Name`, `Age`, `Phone_Num`, `Degree`, `User_ID`) VALUES (68, 'molestias', 77, '171.491.252', 'b', 86);
INSERT INTO `Doctor` (`Doctor_ID`, `Doctor_Name`, `Age`, `Phone_Num`, `Degree`, `User_ID`) VALUES (69, 'et', 53, '(481)078-74', 'i', 127);
INSERT INTO `Doctor` (`Doctor_ID`, `Doctor_Name`, `Age`, `Phone_Num`, `Degree`, `User_ID`) VALUES (70, 'reiciendis', 60, '(043)136-13', 'n', 110);
INSERT INTO `Doctor` (`Doctor_ID`, `Doctor_Name`, `Age`, `Phone_Num`, `Degree`, `User_ID`) VALUES (71, 'laudantium', 38, '018.927.902', 't', 6);
INSERT INTO `Doctor` (`Doctor_ID`, `Doctor_Name`, `Age`, `Phone_Num`, `Degree`, `User_ID`) VALUES (72, 'sit', 61, '983-664-791', 'm', 138);
INSERT INTO `Doctor` (`Doctor_ID`, `Doctor_Name`, `Age`, `Phone_Num`, `Degree`, `User_ID`) VALUES (73, 'officiis', 57, '702.294.003', 'l', 150);
INSERT INTO `Doctor` (`Doctor_ID`, `Doctor_Name`, `Age`, `Phone_Num`, `Degree`, `User_ID`) VALUES (74, 'alias', 60, '(962)128-95', 'w', 65);
INSERT INTO `Doctor` (`Doctor_ID`, `Doctor_Name`, `Age`, `Phone_Num`, `Degree`, `User_ID`) VALUES (75, 'dicta', 46, '+48(8)76654', 't', 117);
INSERT INTO `Doctor` (`Doctor_ID`, `Doctor_Name`, `Age`, `Phone_Num`, `Degree`, `User_ID`) VALUES (76, 'non', 29, '1-135-154-4', 'z', 14);
INSERT INTO `Doctor` (`Doctor_ID`, `Doctor_Name`, `Age`, `Phone_Num`, `Degree`, `User_ID`) VALUES (77, 'iure', 41, '1-279-011-7', 't', 43);
INSERT INTO `Doctor` (`Doctor_ID`, `Doctor_Name`, `Age`, `Phone_Num`, `Degree`, `User_ID`) VALUES (78, 'et', 29, '1-389-155-8', 'a', 124);
INSERT INTO `Doctor` (`Doctor_ID`, `Doctor_Name`, `Age`, `Phone_Num`, `Degree`, `User_ID`) VALUES (79, 'enim', 68, '1-162-178-5', 'x', 46);
INSERT INTO `Doctor` (`Doctor_ID`, `Doctor_Name`, `Age`, `Phone_Num`, `Degree`, `User_ID`) VALUES (80, 'non', 67, '1-966-747-0', 'c', 130);
INSERT INTO `Doctor` (`Doctor_ID`, `Doctor_Name`, `Age`, `Phone_Num`, `Degree`, `User_ID`) VALUES (81, 'nobis', 39, '(739)038-65', 'y', 68);
INSERT INTO `Doctor` (`Doctor_ID`, `Doctor_Name`, `Age`, `Phone_Num`, `Degree`, `User_ID`) VALUES (82, 'ex', 28, '312-965-248', 's', 59);
INSERT INTO `Doctor` (`Doctor_ID`, `Doctor_Name`, `Age`, `Phone_Num`, `Degree`, `User_ID`) VALUES (83, 'consequatur', 42, '408-748-074', 'v', 19);
INSERT INTO `Doctor` (`Doctor_ID`, `Doctor_Name`, `Age`, `Phone_Num`, `Degree`, `User_ID`) VALUES (84, 'tenetur', 30, '477-561-238', 'l', 34);
INSERT INTO `Doctor` (`Doctor_ID`, `Doctor_Name`, `Age`, `Phone_Num`, `Degree`, `User_ID`) VALUES (85, 'rerum', 68, '256.329.432', 't', 74);
INSERT INTO `Doctor` (`Doctor_ID`, `Doctor_Name`, `Age`, `Phone_Num`, `Degree`, `User_ID`) VALUES (86, 'dolorum', 29, '1-345-290-0', 's', 9);
INSERT INTO `Doctor` (`Doctor_ID`, `Doctor_Name`, `Age`, `Phone_Num`, `Degree`, `User_ID`) VALUES (87, 'voluptatibus', 75, '(007)473-57', 'g', 25);
INSERT INTO `Doctor` (`Doctor_ID`, `Doctor_Name`, `Age`, `Phone_Num`, `Degree`, `User_ID`) VALUES (88, 'voluptatem', 39, '808.274.188', 'o', 33);
INSERT INTO `Doctor` (`Doctor_ID`, `Doctor_Name`, `Age`, `Phone_Num`, `Degree`, `User_ID`) VALUES (89, 'facilis', 36, '542-053-730', 'r', 7);
INSERT INTO `Doctor` (`Doctor_ID`, `Doctor_Name`, `Age`, `Phone_Num`, `Degree`, `User_ID`) VALUES (90, 'numquam', 27, '+23(7)62038', 'a', 144);
INSERT INTO `Doctor` (`Doctor_ID`, `Doctor_Name`, `Age`, `Phone_Num`, `Degree`, `User_ID`) VALUES (91, 'mollitia', 59, '(614)918-06', 'u', 149);
INSERT INTO `Doctor` (`Doctor_ID`, `Doctor_Name`, `Age`, `Phone_Num`, `Degree`, `User_ID`) VALUES (92, 'tempore', 51, '366-379-923', 'y', 36);
INSERT INTO `Doctor` (`Doctor_ID`, `Doctor_Name`, `Age`, `Phone_Num`, `Degree`, `User_ID`) VALUES (93, 'provident', 63, '1-138-223-3', 'p', 107);
INSERT INTO `Doctor` (`Doctor_ID`, `Doctor_Name`, `Age`, `Phone_Num`, `Degree`, `User_ID`) VALUES (94, 'assumenda', 57, '745-799-578', 'm', 27);
INSERT INTO `Doctor` (`Doctor_ID`, `Doctor_Name`, `Age`, `Phone_Num`, `Degree`, `User_ID`) VALUES (95, 'officia', 48, '223-717-514', 'x', 38);
INSERT INTO `Doctor` (`Doctor_ID`, `Doctor_Name`, `Age`, `Phone_Num`, `Degree`, `User_ID`) VALUES (96, 'sunt', 40, '(761)824-15', 'u', 88);
INSERT INTO `Doctor` (`Doctor_ID`, `Doctor_Name`, `Age`, `Phone_Num`, `Degree`, `User_ID`) VALUES (97, 'ratione', 79, '1-571-676-9', 'n', 134);
INSERT INTO `Doctor` (`Doctor_ID`, `Doctor_Name`, `Age`, `Phone_Num`, `Degree`, `User_ID`) VALUES (98, 'nemo', 78, '1-236-319-9', 'd', 1);
INSERT INTO `Doctor` (`Doctor_ID`, `Doctor_Name`, `Age`, `Phone_Num`, `Degree`, `User_ID`) VALUES (99, 'eligendi', 75, '052-784-608', 'k', 35);
INSERT INTO `Doctor` (`Doctor_ID`, `Doctor_Name`, `Age`, `Phone_Num`, `Degree`, `User_ID`) VALUES (100, 'maxime', 45, '1-132-424-8', 'w', 141);



create table Employee(
Employee_ID INT NOT NULL,
Employee_Name VARCHAR(50) NOT NULL,
Age INT(2) NOT NULL,
Phone_Num VARCHAR(11) NOT NULL,
med int,
foreign key (med) references Medicine(Serial_Num),
primary key(Employee_ID),
constraint employeeage check(Age>20)
);
INSERT INTO `Employee` (`Employee_ID`, `Employee_Name`, `Age`, `Phone_Num`, `med`) VALUES (1, 'qui', 81, '215-564-584', 148);
INSERT INTO `Employee` (`Employee_ID`, `Employee_Name`, `Age`, `Phone_Num`, `med`) VALUES (2, 'molestiae', 67, '971.247.234', 20);
INSERT INTO `Employee` (`Employee_ID`, `Employee_Name`, `Age`, `Phone_Num`, `med`) VALUES (3, 'qui', 80, '208-274-229', 54);
INSERT INTO `Employee` (`Employee_ID`, `Employee_Name`, `Age`, `Phone_Num`, `med`) VALUES (4, 'officia', 41, '+17(7)42922', 124);
INSERT INTO `Employee` (`Employee_ID`, `Employee_Name`, `Age`, `Phone_Num`, `med`) VALUES (5, 'officiis', 85, '(738)758-31', 90);
INSERT INTO `Employee` (`Employee_ID`, `Employee_Name`, `Age`, `Phone_Num`, `med`) VALUES (6, 'suscipit', 25, '(940)468-87', 2);
INSERT INTO `Employee` (`Employee_ID`, `Employee_Name`, `Age`, `Phone_Num`, `med`) VALUES (7, 'quae', 85, '(233)235-23', 9);
INSERT INTO `Employee` (`Employee_ID`, `Employee_Name`, `Age`, `Phone_Num`, `med`) VALUES (8, 'corrupti', 32, '(577)041-82', 99);
INSERT INTO `Employee` (`Employee_ID`, `Employee_Name`, `Age`, `Phone_Num`, `med`) VALUES (9, 'aut', 48, '01880047213', 86);
INSERT INTO `Employee` (`Employee_ID`, `Employee_Name`, `Age`, `Phone_Num`, `med`) VALUES (10, 'quae', 23, '02832088094', 130);
INSERT INTO `Employee` (`Employee_ID`, `Employee_Name`, `Age`, `Phone_Num`, `med`) VALUES (11, 'itaque', 99, '924.437.040', 81);
INSERT INTO `Employee` (`Employee_ID`, `Employee_Name`, `Age`, `Phone_Num`, `med`) VALUES (12, 'et', 71, '383-953-332', 17);
INSERT INTO `Employee` (`Employee_ID`, `Employee_Name`, `Age`, `Phone_Num`, `med`) VALUES (13, 'quia', 89, '(867)530-24', 117);
INSERT INTO `Employee` (`Employee_ID`, `Employee_Name`, `Age`, `Phone_Num`, `med`) VALUES (14, 'et', 54, '1-294-236-2', 7);
INSERT INTO `Employee` (`Employee_ID`, `Employee_Name`, `Age`, `Phone_Num`, `med`) VALUES (15, 'facilis', 98, '032-401-589', 145);
INSERT INTO `Employee` (`Employee_ID`, `Employee_Name`, `Age`, `Phone_Num`, `med`) VALUES (16, 'hic', 43, '879-323-468', 132);
INSERT INTO `Employee` (`Employee_ID`, `Employee_Name`, `Age`, `Phone_Num`, `med`) VALUES (17, 'sed', 61, '848-795-514', 75);
INSERT INTO `Employee` (`Employee_ID`, `Employee_Name`, `Age`, `Phone_Num`, `med`) VALUES (18, 'dignissimos', 74, '795.822.103', 108);
INSERT INTO `Employee` (`Employee_ID`, `Employee_Name`, `Age`, `Phone_Num`, `med`) VALUES (19, 'eveniet', 24, '1-123-937-2', 87);
INSERT INTO `Employee` (`Employee_ID`, `Employee_Name`, `Age`, `Phone_Num`, `med`) VALUES (20, 'architecto', 73, '1-054-502-6', 23);
INSERT INTO `Employee` (`Employee_ID`, `Employee_Name`, `Age`, `Phone_Num`, `med`) VALUES (21, 'dignissimos', 57, '937.514.806', 125);
INSERT INTO `Employee` (`Employee_ID`, `Employee_Name`, `Age`, `Phone_Num`, `med`) VALUES (22, 'numquam', 32, '383-604-550', 137);
INSERT INTO `Employee` (`Employee_ID`, `Employee_Name`, `Age`, `Phone_Num`, `med`) VALUES (23, 'harum', 25, '689-168-611', 102);
INSERT INTO `Employee` (`Employee_ID`, `Employee_Name`, `Age`, `Phone_Num`, `med`) VALUES (24, 'quisquam', 79, '338-704-697', 101);
INSERT INTO `Employee` (`Employee_ID`, `Employee_Name`, `Age`, `Phone_Num`, `med`) VALUES (25, 'qui', 86, '208-283-312', 24);
INSERT INTO `Employee` (`Employee_ID`, `Employee_Name`, `Age`, `Phone_Num`, `med`) VALUES (26, 'laudantium', 48, '(302)198-49', 98);
INSERT INTO `Employee` (`Employee_ID`, `Employee_Name`, `Age`, `Phone_Num`, `med`) VALUES (27, 'officia', 38, '(417)510-64', 121);
INSERT INTO `Employee` (`Employee_ID`, `Employee_Name`, `Age`, `Phone_Num`, `med`) VALUES (28, 'esse', 26, '(138)196-89', 114);
INSERT INTO `Employee` (`Employee_ID`, `Employee_Name`, `Age`, `Phone_Num`, `med`) VALUES (29, 'rem', 49, '843-248-181', 6);
INSERT INTO `Employee` (`Employee_ID`, `Employee_Name`, `Age`, `Phone_Num`, `med`) VALUES (30, 'impedit', 89, '04120284641', 78);
INSERT INTO `Employee` (`Employee_ID`, `Employee_Name`, `Age`, `Phone_Num`, `med`) VALUES (31, 'ut', 74, '1-293-056-2', 149);
INSERT INTO `Employee` (`Employee_ID`, `Employee_Name`, `Age`, `Phone_Num`, `med`) VALUES (32, 'eum', 65, '06063043935', 39);
INSERT INTO `Employee` (`Employee_ID`, `Employee_Name`, `Age`, `Phone_Num`, `med`) VALUES (33, 'et', 41, '602-614-773', 3);
INSERT INTO `Employee` (`Employee_ID`, `Employee_Name`, `Age`, `Phone_Num`, `med`) VALUES (34, 'dolorem', 51, '045-250-688', 83);
INSERT INTO `Employee` (`Employee_ID`, `Employee_Name`, `Age`, `Phone_Num`, `med`) VALUES (35, 'consequatur', 27, '+08(0)99254', 16);
INSERT INTO `Employee` (`Employee_ID`, `Employee_Name`, `Age`, `Phone_Num`, `med`) VALUES (36, 'mollitia', 72, '023.652.762', 122);
INSERT INTO `Employee` (`Employee_ID`, `Employee_Name`, `Age`, `Phone_Num`, `med`) VALUES (37, 'cupiditate', 48, '(731)902-58', 70);
INSERT INTO `Employee` (`Employee_ID`, `Employee_Name`, `Age`, `Phone_Num`, `med`) VALUES (38, 'ea', 80, '1-307-639-0', 68);
INSERT INTO `Employee` (`Employee_ID`, `Employee_Name`, `Age`, `Phone_Num`, `med`) VALUES (39, 'quia', 79, '597-112-544', 109);
INSERT INTO `Employee` (`Employee_ID`, `Employee_Name`, `Age`, `Phone_Num`, `med`) VALUES (40, 'in', 76, '1-635-801-8', 74);
INSERT INTO `Employee` (`Employee_ID`, `Employee_Name`, `Age`, `Phone_Num`, `med`) VALUES (41, 'tenetur', 84, '019-983-798', 138);
INSERT INTO `Employee` (`Employee_ID`, `Employee_Name`, `Age`, `Phone_Num`, `med`) VALUES (42, 'consequuntur', 51, '768-329-071', 96);
INSERT INTO `Employee` (`Employee_ID`, `Employee_Name`, `Age`, `Phone_Num`, `med`) VALUES (43, 'nobis', 69, '1-306-287-8', 5);
INSERT INTO `Employee` (`Employee_ID`, `Employee_Name`, `Age`, `Phone_Num`, `med`) VALUES (44, 'esse', 97, '+67(7)17681', 59);
INSERT INTO `Employee` (`Employee_ID`, `Employee_Name`, `Age`, `Phone_Num`, `med`) VALUES (45, 'ut', 86, '830-513-083', 18);
INSERT INTO `Employee` (`Employee_ID`, `Employee_Name`, `Age`, `Phone_Num`, `med`) VALUES (46, 'itaque', 51, '916.558.921', 110);
INSERT INTO `Employee` (`Employee_ID`, `Employee_Name`, `Age`, `Phone_Num`, `med`) VALUES (47, 'consectetur', 38, '537-285-594', 119);
INSERT INTO `Employee` (`Employee_ID`, `Employee_Name`, `Age`, `Phone_Num`, `med`) VALUES (48, 'facere', 91, '05712197605', 33);
INSERT INTO `Employee` (`Employee_ID`, `Employee_Name`, `Age`, `Phone_Num`, `med`) VALUES (49, 'cumque', 70, '(934)470-74', 97);
INSERT INTO `Employee` (`Employee_ID`, `Employee_Name`, `Age`, `Phone_Num`, `med`) VALUES (50, 'rem', 85, '784-015-705', 89);
INSERT INTO `Employee` (`Employee_ID`, `Employee_Name`, `Age`, `Phone_Num`, `med`) VALUES (51, 'qui', 46, '964-533-052', 8);
INSERT INTO `Employee` (`Employee_ID`, `Employee_Name`, `Age`, `Phone_Num`, `med`) VALUES (52, 'esse', 35, '235-436-792', 36);
INSERT INTO `Employee` (`Employee_ID`, `Employee_Name`, `Age`, `Phone_Num`, `med`) VALUES (53, 'aut', 59, '1-819-501-7', 120);
INSERT INTO `Employee` (`Employee_ID`, `Employee_Name`, `Age`, `Phone_Num`, `med`) VALUES (54, 'atque', 45, '1-152-043-5', 136);
INSERT INTO `Employee` (`Employee_ID`, `Employee_Name`, `Age`, `Phone_Num`, `med`) VALUES (55, 'nulla', 99, '621.845.899', 128);
INSERT INTO `Employee` (`Employee_ID`, `Employee_Name`, `Age`, `Phone_Num`, `med`) VALUES (56, 'beatae', 40, '673-615-376', 31);
INSERT INTO `Employee` (`Employee_ID`, `Employee_Name`, `Age`, `Phone_Num`, `med`) VALUES (57, 'quidem', 52, '635.275.996', 21);
INSERT INTO `Employee` (`Employee_ID`, `Employee_Name`, `Age`, `Phone_Num`, `med`) VALUES (58, 'sapiente', 70, '04787925481', 38);
INSERT INTO `Employee` (`Employee_ID`, `Employee_Name`, `Age`, `Phone_Num`, `med`) VALUES (59, 'libero', 68, '1-300-657-4', 133);
INSERT INTO `Employee` (`Employee_ID`, `Employee_Name`, `Age`, `Phone_Num`, `med`) VALUES (60, 'eos', 89, '1-517-138-5', 113);
INSERT INTO `Employee` (`Employee_ID`, `Employee_Name`, `Age`, `Phone_Num`, `med`) VALUES (61, 'ea', 36, '1-958-360-5', 60);
INSERT INTO `Employee` (`Employee_ID`, `Employee_Name`, `Age`, `Phone_Num`, `med`) VALUES (62, 'rerum', 88, '531-058-749', 65);
INSERT INTO `Employee` (`Employee_ID`, `Employee_Name`, `Age`, `Phone_Num`, `med`) VALUES (63, 'vel', 43, '1-776-867-6', 32);
INSERT INTO `Employee` (`Employee_ID`, `Employee_Name`, `Age`, `Phone_Num`, `med`) VALUES (64, 'distinctio', 36, '(162)009-34', 112);
INSERT INTO `Employee` (`Employee_ID`, `Employee_Name`, `Age`, `Phone_Num`, `med`) VALUES (65, 'et', 87, '736.147.845', 66);
INSERT INTO `Employee` (`Employee_ID`, `Employee_Name`, `Age`, `Phone_Num`, `med`) VALUES (66, 'sint', 99, '901.521.191', 11);
INSERT INTO `Employee` (`Employee_ID`, `Employee_Name`, `Age`, `Phone_Num`, `med`) VALUES (67, 'sed', 94, '1-035-985-1', 4);
INSERT INTO `Employee` (`Employee_ID`, `Employee_Name`, `Age`, `Phone_Num`, `med`) VALUES (68, 'architecto', 91, '1-923-376-3', 46);
INSERT INTO `Employee` (`Employee_ID`, `Employee_Name`, `Age`, `Phone_Num`, `med`) VALUES (69, 'tempore', 60, '+39(1)87634', 45);
INSERT INTO `Employee` (`Employee_ID`, `Employee_Name`, `Age`, `Phone_Num`, `med`) VALUES (70, 'reprehenderit', 64, '489-997-757', 52);
INSERT INTO `Employee` (`Employee_ID`, `Employee_Name`, `Age`, `Phone_Num`, `med`) VALUES (71, 'asperiores', 94, '125.458.491', 40);
INSERT INTO `Employee` (`Employee_ID`, `Employee_Name`, `Age`, `Phone_Num`, `med`) VALUES (72, 'est', 74, '1-611-363-3', 118);
INSERT INTO `Employee` (`Employee_ID`, `Employee_Name`, `Age`, `Phone_Num`, `med`) VALUES (73, 'ipsam', 76, '781.621.628', 94);
INSERT INTO `Employee` (`Employee_ID`, `Employee_Name`, `Age`, `Phone_Num`, `med`) VALUES (74, 'eius', 47, '008-935-090', 22);
INSERT INTO `Employee` (`Employee_ID`, `Employee_Name`, `Age`, `Phone_Num`, `med`) VALUES (75, 'iure', 96, '916-099-917', 15);
INSERT INTO `Employee` (`Employee_ID`, `Employee_Name`, `Age`, `Phone_Num`, `med`) VALUES (76, 'molestiae', 61, '(290)133-04', 92);
INSERT INTO `Employee` (`Employee_ID`, `Employee_Name`, `Age`, `Phone_Num`, `med`) VALUES (77, 'a', 76, '741-226-269', 143);
INSERT INTO `Employee` (`Employee_ID`, `Employee_Name`, `Age`, `Phone_Num`, `med`) VALUES (78, 'enim', 27, '(760)298-46', 12);
INSERT INTO `Employee` (`Employee_ID`, `Employee_Name`, `Age`, `Phone_Num`, `med`) VALUES (79, 'et', 60, '687.332.207', 144);
INSERT INTO `Employee` (`Employee_ID`, `Employee_Name`, `Age`, `Phone_Num`, `med`) VALUES (80, 'laborum', 52, '427.831.671', 80);
INSERT INTO `Employee` (`Employee_ID`, `Employee_Name`, `Age`, `Phone_Num`, `med`) VALUES (81, 'repellendus', 88, '(277)441-21', 141);
INSERT INTO `Employee` (`Employee_ID`, `Employee_Name`, `Age`, `Phone_Num`, `med`) VALUES (82, 'sunt', 80, '02081442328', 61);
INSERT INTO `Employee` (`Employee_ID`, `Employee_Name`, `Age`, `Phone_Num`, `med`) VALUES (83, 'molestias', 92, '431-290-709', 34);
INSERT INTO `Employee` (`Employee_ID`, `Employee_Name`, `Age`, `Phone_Num`, `med`) VALUES (84, 'voluptate', 92, '+06(0)73250', 41);
INSERT INTO `Employee` (`Employee_ID`, `Employee_Name`, `Age`, `Phone_Num`, `med`) VALUES (85, 'qui', 74, '324-804-748', 37);
INSERT INTO `Employee` (`Employee_ID`, `Employee_Name`, `Age`, `Phone_Num`, `med`) VALUES (86, 'culpa', 82, '991-391-859', 84);
INSERT INTO `Employee` (`Employee_ID`, `Employee_Name`, `Age`, `Phone_Num`, `med`) VALUES (87, 'veritatis', 72, '(996)857-42', 140);
INSERT INTO `Employee` (`Employee_ID`, `Employee_Name`, `Age`, `Phone_Num`, `med`) VALUES (88, 'quae', 84, '(427)675-81', 147);
INSERT INTO `Employee` (`Employee_ID`, `Employee_Name`, `Age`, `Phone_Num`, `med`) VALUES (89, 'minima', 67, '012.633.165', 73);
INSERT INTO `Employee` (`Employee_ID`, `Employee_Name`, `Age`, `Phone_Num`, `med`) VALUES (90, 'in', 44, '+32(4)32135', 105);
INSERT INTO `Employee` (`Employee_ID`, `Employee_Name`, `Age`, `Phone_Num`, `med`) VALUES (91, 'labore', 43, '303-296-744', 88);
INSERT INTO `Employee` (`Employee_ID`, `Employee_Name`, `Age`, `Phone_Num`, `med`) VALUES (92, 'ea', 78, '726.362.854', 43);
INSERT INTO `Employee` (`Employee_ID`, `Employee_Name`, `Age`, `Phone_Num`, `med`) VALUES (93, 'odio', 84, '1-893-135-1', 111);
INSERT INTO `Employee` (`Employee_ID`, `Employee_Name`, `Age`, `Phone_Num`, `med`) VALUES (94, 'iusto', 39, '(422)185-13', 69);
INSERT INTO `Employee` (`Employee_ID`, `Employee_Name`, `Age`, `Phone_Num`, `med`) VALUES (95, 'blanditiis', 63, '1-697-717-8', 1);
INSERT INTO `Employee` (`Employee_ID`, `Employee_Name`, `Age`, `Phone_Num`, `med`) VALUES (96, 'id', 65, '961.151.640', 26);
INSERT INTO `Employee` (`Employee_ID`, `Employee_Name`, `Age`, `Phone_Num`, `med`) VALUES (97, 'nesciunt', 61, '02320245756', 10);
INSERT INTO `Employee` (`Employee_ID`, `Employee_Name`, `Age`, `Phone_Num`, `med`) VALUES (98, 'nostrum', 72, '1-526-159-7', 106);
INSERT INTO `Employee` (`Employee_ID`, `Employee_Name`, `Age`, `Phone_Num`, `med`) VALUES (99, 'mollitia', 73, '336-747-073', 100);
INSERT INTO `Employee` (`Employee_ID`, `Employee_Name`, `Age`, `Phone_Num`, `med`) VALUES (100, 'tenetur', 88, '288.555.021', 107);


create table Location(
House_num int(10),
City VARCHAR(50) NOT NULL,
State VARCHAR(50) NOT NULL,
Pincode int(6),
primary key(Pincode)
);
INSERT INTO `Location` (`House_num`, `City`, `State`, `Pincode`) VALUES (236964024, 'Spinkaberg', 'Vermont', 1);
INSERT INTO `Location` (`House_num`, `City`, `State`, `Pincode`) VALUES (878982, 'Edamouth', 'NorthCarolina', 2);
INSERT INTO `Location` (`House_num`, `City`, `State`, `Pincode`) VALUES (42557965, 'Lake Myleneview', 'SouthCarolina', 3);
INSERT INTO `Location` (`House_num`, `City`, `State`, `Pincode`) VALUES (89, 'New Ernesto', 'Texas', 4);
INSERT INTO `Location` (`House_num`, `City`, `State`, `Pincode`) VALUES (8504907, 'South Rashad', 'Alaska', 5);
INSERT INTO `Location` (`House_num`, `City`, `State`, `Pincode`) VALUES (3372, 'Jaskolskifort', 'Florida', 6);
INSERT INTO `Location` (`House_num`, `City`, `State`, `Pincode`) VALUES (6119, 'Zeldaview', 'Michigan', 7);
INSERT INTO `Location` (`House_num`, `City`, `State`, `Pincode`) VALUES (82447781, 'East Macfurt', 'Pennsylvania', 8);
INSERT INTO `Location` (`House_num`, `City`, `State`, `Pincode`) VALUES (260722071, 'New Candelarioborough', 'Kansas', 9);
INSERT INTO `Location` (`House_num`, `City`, `State`, `Pincode`) VALUES (81401, 'Valeriefurt', 'Washington', 10);
INSERT INTO `Location` (`House_num`, `City`, `State`, `Pincode`) VALUES (1, 'Madgechester', 'Wisconsin', 11);
INSERT INTO `Location` (`House_num`, `City`, `State`, `Pincode`) VALUES (779213032, 'North Maryjanehaven', 'California', 12);
INSERT INTO `Location` (`House_num`, `City`, `State`, `Pincode`) VALUES (263957, 'West Terry', 'Minnesota', 13);
INSERT INTO `Location` (`House_num`, `City`, `State`, `Pincode`) VALUES (0, 'Lillianastad', 'Wisconsin', 14);
INSERT INTO `Location` (`House_num`, `City`, `State`, `Pincode`) VALUES (7, 'Clarabury', 'Illinois', 15);
INSERT INTO `Location` (`House_num`, `City`, `State`, `Pincode`) VALUES (36, 'Jasthaven', 'Nevada', 16);
INSERT INTO `Location` (`House_num`, `City`, `State`, `Pincode`) VALUES (39, 'South Darian', 'Maine', 17);
INSERT INTO `Location` (`House_num`, `City`, `State`, `Pincode`) VALUES (3, 'New Blaisebury', 'Vermont', 18);
INSERT INTO `Location` (`House_num`, `City`, `State`, `Pincode`) VALUES (925504, 'Dasiaton', 'Louisiana', 19);
INSERT INTO `Location` (`House_num`, `City`, `State`, `Pincode`) VALUES (58431406, 'Aubreyfurt', 'Florida', 20);
INSERT INTO `Location` (`House_num`, `City`, `State`, `Pincode`) VALUES (92, 'Lake Geovanyview', 'Arkansas', 21);
INSERT INTO `Location` (`House_num`, `City`, `State`, `Pincode`) VALUES (39594, 'Austynmouth', 'Colorado', 22);
INSERT INTO `Location` (`House_num`, `City`, `State`, `Pincode`) VALUES (628588, 'Amiechester', 'Oklahoma', 23);
INSERT INTO `Location` (`House_num`, `City`, `State`, `Pincode`) VALUES (9498, 'West Oswaldhaven', 'Alabama', 24);
INSERT INTO `Location` (`House_num`, `City`, `State`, `Pincode`) VALUES (21, 'New Myrtistown', 'Wisconsin', 25);
INSERT INTO `Location` (`House_num`, `City`, `State`, `Pincode`) VALUES (7589882, 'Lake Katelynn', 'Nebraska', 26);
INSERT INTO `Location` (`House_num`, `City`, `State`, `Pincode`) VALUES (8696, 'North Maramouth', 'Mississippi', 27);
INSERT INTO `Location` (`House_num`, `City`, `State`, `Pincode`) VALUES (7698, 'Jolietown', 'Kansas', 28);
INSERT INTO `Location` (`House_num`, `City`, `State`, `Pincode`) VALUES (0, 'Amberfurt', 'Connecticut', 29);
INSERT INTO `Location` (`House_num`, `City`, `State`, `Pincode`) VALUES (0, 'Bridgetteburgh', 'Mississippi', 30);
INSERT INTO `Location` (`House_num`, `City`, `State`, `Pincode`) VALUES (0, 'Smithmouth', 'Hawaii', 31);
INSERT INTO `Location` (`House_num`, `City`, `State`, `Pincode`) VALUES (0, 'Lake Vanessa', 'California', 32);
INSERT INTO `Location` (`House_num`, `City`, `State`, `Pincode`) VALUES (7230, 'Port Nikkotown', 'Wyoming', 33);
INSERT INTO `Location` (`House_num`, `City`, `State`, `Pincode`) VALUES (0, 'Nataliechester', 'Oklahoma', 34);
INSERT INTO `Location` (`House_num`, `City`, `State`, `Pincode`) VALUES (95, 'Port Ari', 'Oklahoma', 35);
INSERT INTO `Location` (`House_num`, `City`, `State`, `Pincode`) VALUES (0, 'Lake Summerstad', 'Nevada', 36);
INSERT INTO `Location` (`House_num`, `City`, `State`, `Pincode`) VALUES (254, 'Port Celestineside', 'Wisconsin', 37);
INSERT INTO `Location` (`House_num`, `City`, `State`, `Pincode`) VALUES (305683, 'Port Conorbury', 'Mississippi', 38);
INSERT INTO `Location` (`House_num`, `City`, `State`, `Pincode`) VALUES (1, 'Vonfort', 'Oregon', 39);
INSERT INTO `Location` (`House_num`, `City`, `State`, `Pincode`) VALUES (969285, 'North Brendon', 'California', 40);
INSERT INTO `Location` (`House_num`, `City`, `State`, `Pincode`) VALUES (0, 'North Clementinaton', 'Louisiana', 41);
INSERT INTO `Location` (`House_num`, `City`, `State`, `Pincode`) VALUES (0, 'South Viviane', 'Arizona', 42);
INSERT INTO `Location` (`House_num`, `City`, `State`, `Pincode`) VALUES (170264809, 'Christiansenchester', 'Oklahoma', 43);
INSERT INTO `Location` (`House_num`, `City`, `State`, `Pincode`) VALUES (242290529, 'Lake Albert', 'WestVirginia', 44);
INSERT INTO `Location` (`House_num`, `City`, `State`, `Pincode`) VALUES (6992579, 'South Mathiasland', 'Oregon', 45);
INSERT INTO `Location` (`House_num`, `City`, `State`, `Pincode`) VALUES (629, 'Port Madalinemouth', 'Iowa', 46);
INSERT INTO `Location` (`House_num`, `City`, `State`, `Pincode`) VALUES (306499492, 'Mitchellmouth', 'Oregon', 47);
INSERT INTO `Location` (`House_num`, `City`, `State`, `Pincode`) VALUES (1, 'Arnulfomouth', 'Florida', 48);
INSERT INTO `Location` (`House_num`, `City`, `State`, `Pincode`) VALUES (53603, 'O\'Keefestad', 'NorthCarolina', 49);
INSERT INTO `Location` (`House_num`, `City`, `State`, `Pincode`) VALUES (158, 'Grantshire', 'Arizona', 50);
INSERT INTO `Location` (`House_num`, `City`, `State`, `Pincode`) VALUES (302364, 'North Enos', 'Massachusetts', 51);
INSERT INTO `Location` (`House_num`, `City`, `State`, `Pincode`) VALUES (0, 'West Estella', 'Connecticut', 52);
INSERT INTO `Location` (`House_num`, `City`, `State`, `Pincode`) VALUES (86, 'North Ottis', 'Florida', 53);
INSERT INTO `Location` (`House_num`, `City`, `State`, `Pincode`) VALUES (745608, 'New Zitamouth', 'NewJersey', 54);
INSERT INTO `Location` (`House_num`, `City`, `State`, `Pincode`) VALUES (45, 'West Verla', 'Minnesota', 55);
INSERT INTO `Location` (`House_num`, `City`, `State`, `Pincode`) VALUES (928364, 'Port Elodychester', 'Connecticut', 56);
INSERT INTO `Location` (`House_num`, `City`, `State`, `Pincode`) VALUES (9839, 'West Jaquanberg', 'Missouri', 57);
INSERT INTO `Location` (`House_num`, `City`, `State`, `Pincode`) VALUES (79, 'Erdmanmouth', 'Connecticut', 58);
INSERT INTO `Location` (`House_num`, `City`, `State`, `Pincode`) VALUES (0, 'Mosesshire', 'Oklahoma', 59);
INSERT INTO `Location` (`House_num`, `City`, `State`, `Pincode`) VALUES (381313425, 'Rutherfordton', 'Oregon', 60);
INSERT INTO `Location` (`House_num`, `City`, `State`, `Pincode`) VALUES (0, 'Boscochester', 'Georgia', 61);
INSERT INTO `Location` (`House_num`, `City`, `State`, `Pincode`) VALUES (94, 'South Porter', 'Kansas', 62);
INSERT INTO `Location` (`House_num`, `City`, `State`, `Pincode`) VALUES (418319, 'Lake Marisolbury', 'Pennsylvania', 63);
INSERT INTO `Location` (`House_num`, `City`, `State`, `Pincode`) VALUES (0, 'New Lucile', 'NewMexico', 64);
INSERT INTO `Location` (`House_num`, `City`, `State`, `Pincode`) VALUES (518995414, 'New Tess', 'Nevada', 65);
INSERT INTO `Location` (`House_num`, `City`, `State`, `Pincode`) VALUES (41, 'North Chester', 'Connecticut', 66);
INSERT INTO `Location` (`House_num`, `City`, `State`, `Pincode`) VALUES (533389546, 'Hirtheton', 'WestVirginia', 67);
INSERT INTO `Location` (`House_num`, `City`, `State`, `Pincode`) VALUES (82557027, 'East Fordborough', 'NewYork', 68);
INSERT INTO `Location` (`House_num`, `City`, `State`, `Pincode`) VALUES (2615892, 'Lake Providenci', 'Texas', 69);
INSERT INTO `Location` (`House_num`, `City`, `State`, `Pincode`) VALUES (9765, 'Port Lenora', 'Virginia', 70);
INSERT INTO `Location` (`House_num`, `City`, `State`, `Pincode`) VALUES (542, 'North Tracyville', 'Oregon', 71);
INSERT INTO `Location` (`House_num`, `City`, `State`, `Pincode`) VALUES (832648, 'Port Lemuelmouth', 'Louisiana', 72);
INSERT INTO `Location` (`House_num`, `City`, `State`, `Pincode`) VALUES (0, 'North Halieton', 'SouthDakota', 73);
INSERT INTO `Location` (`House_num`, `City`, `State`, `Pincode`) VALUES (4330676, 'Lake Baronshire', 'Nevada', 74);
INSERT INTO `Location` (`House_num`, `City`, `State`, `Pincode`) VALUES (9175, 'Litzybury', 'Florida', 75);
INSERT INTO `Location` (`House_num`, `City`, `State`, `Pincode`) VALUES (915669, 'West Tobinchester', 'NorthCarolina', 76);
INSERT INTO `Location` (`House_num`, `City`, `State`, `Pincode`) VALUES (2, 'New Harmonside', 'California', 77);
INSERT INTO `Location` (`House_num`, `City`, `State`, `Pincode`) VALUES (0, 'Padbergview', 'Louisiana', 78);
INSERT INTO `Location` (`House_num`, `City`, `State`, `Pincode`) VALUES (507654627, 'North Yvonne', 'Florida', 79);
INSERT INTO `Location` (`House_num`, `City`, `State`, `Pincode`) VALUES (6, 'West Alysaborough', 'Texas', 80);
INSERT INTO `Location` (`House_num`, `City`, `State`, `Pincode`) VALUES (45866457, 'Port Joesph', 'Idaho', 81);
INSERT INTO `Location` (`House_num`, `City`, `State`, `Pincode`) VALUES (467, 'South Elodyview', 'Ohio', 82);
INSERT INTO `Location` (`House_num`, `City`, `State`, `Pincode`) VALUES (529660, 'North Diamondshire', 'Pennsylvania', 83);
INSERT INTO `Location` (`House_num`, `City`, `State`, `Pincode`) VALUES (48449, 'East Mohammad', 'Oregon', 84);
INSERT INTO `Location` (`House_num`, `City`, `State`, `Pincode`) VALUES (761070, 'Lake Abbigail', 'Arizona', 85);
INSERT INTO `Location` (`House_num`, `City`, `State`, `Pincode`) VALUES (8, 'New Mary', 'NewHampshire', 86);
INSERT INTO `Location` (`House_num`, `City`, `State`, `Pincode`) VALUES (0, 'Lake Twila', 'California', 87);
INSERT INTO `Location` (`House_num`, `City`, `State`, `Pincode`) VALUES (584838696, 'Reggiemouth', 'Wisconsin', 88);
INSERT INTO `Location` (`House_num`, `City`, `State`, `Pincode`) VALUES (75, 'McLaughlinfort', 'RhodeIsland', 89);
INSERT INTO `Location` (`House_num`, `City`, `State`, `Pincode`) VALUES (7360, 'Hagenesville', 'Massachusetts', 90);
INSERT INTO `Location` (`House_num`, `City`, `State`, `Pincode`) VALUES (92653372, 'North Lorenzo', 'Utah', 91);
INSERT INTO `Location` (`House_num`, `City`, `State`, `Pincode`) VALUES (88270, 'Vincenzaville', 'WestVirginia', 92);
INSERT INTO `Location` (`House_num`, `City`, `State`, `Pincode`) VALUES (3406935, 'Elmirafort', 'NorthCarolina', 93);
INSERT INTO `Location` (`House_num`, `City`, `State`, `Pincode`) VALUES (586864045, 'Ociemouth', 'Illinois', 94);
INSERT INTO `Location` (`House_num`, `City`, `State`, `Pincode`) VALUES (9265279, 'Gutmannfurt', 'Maryland', 95);
INSERT INTO `Location` (`House_num`, `City`, `State`, `Pincode`) VALUES (8, 'Kshlerinton', 'Alaska', 96);
INSERT INTO `Location` (`House_num`, `City`, `State`, `Pincode`) VALUES (349, 'West Morganport', 'Minnesota', 97);
INSERT INTO `Location` (`House_num`, `City`, `State`, `Pincode`) VALUES (4216677, 'Port Holden', 'RhodeIsland', 98);
INSERT INTO `Location` (`House_num`, `City`, `State`, `Pincode`) VALUES (3198043, 'Noefurt', 'NewJersey', 99);
INSERT INTO `Location` (`House_num`, `City`, `State`, `Pincode`) VALUES (0, 'Dereckhaven', 'Tennessee', 100);


create table Orders (
Order_ID INT NOT NULL ,
Order_Date datetime default now(),
medicine int,
user_n int,
pin int,
foreign key (medicine) references Medicine(Serial_Num),
foreign key (user_n) references Users(User_ID),
foreign key (pin) references Location(Pincode),
primary key(Order_ID)
);
INSERT INTO `Orders` (`Order_ID`, `Order_Date`, `medicine`, `user_n`, `pin`) VALUES (0, '2020-12-21 07:57:58', 3, 4, 3);
INSERT INTO `Orders` (`Order_ID`, `Order_Date`, `medicine`, `user_n`, `pin`) VALUES (2, '1980-04-15 23:50:15', 141, 141, 94);
INSERT INTO `Orders` (`Order_ID`, `Order_Date`, `medicine`, `user_n`, `pin`) VALUES (4, '1980-05-11 02:22:21', 132, 133, 88);
INSERT INTO `Orders` (`Order_ID`, `Order_Date`, `medicine`, `user_n`, `pin`) VALUES (6, '2001-09-30 17:04:45', 10, 12, 10);
INSERT INTO `Orders` (`Order_ID`, `Order_Date`, `medicine`, `user_n`, `pin`) VALUES (7, '1970-01-29 13:39:58', 24, 29, 21);
INSERT INTO `Orders` (`Order_ID`, `Order_Date`, `medicine`, `user_n`, `pin`) VALUES (15, '1980-02-04 21:42:20', 106, 101, 69);
INSERT INTO `Orders` (`Order_ID`, `Order_Date`, `medicine`, `user_n`, `pin`) VALUES (19, '2014-07-18 19:31:14', 88, 83, 56);
INSERT INTO `Orders` (`Order_ID`, `Order_Date`, `medicine`, `user_n`, `pin`) VALUES (23, '2001-05-05 11:36:00', 109, 107, 72);
INSERT INTO `Orders` (`Order_ID`, `Order_Date`, `medicine`, `user_n`, `pin`) VALUES (25, '2010-12-27 11:44:37', 90, 86, 58);
INSERT INTO `Orders` (`Order_ID`, `Order_Date`, `medicine`, `user_n`, `pin`) VALUES (46, '1991-04-21 20:42:27', 34, 36, 26);
INSERT INTO `Orders` (`Order_ID`, `Order_Date`, `medicine`, `user_n`, `pin`) VALUES (49, '1999-08-10 10:05:59', 61, 59, 40);
INSERT INTO `Orders` (`Order_ID`, `Order_Date`, `medicine`, `user_n`, `pin`) VALUES (60, '1999-01-30 04:53:56', 128, 129, 86);
INSERT INTO `Orders` (`Order_ID`, `Order_Date`, `medicine`, `user_n`, `pin`) VALUES (62, '1982-05-27 14:00:45', 40, 42, 31);
INSERT INTO `Orders` (`Order_ID`, `Order_Date`, `medicine`, `user_n`, `pin`) VALUES (66, '2000-10-28 11:59:39', 9, 11, 9);
INSERT INTO `Orders` (`Order_ID`, `Order_Date`, `medicine`, `user_n`, `pin`) VALUES (90, '1985-11-18 19:28:48', 149, 150, 100);
INSERT INTO `Orders` (`Order_ID`, `Order_Date`, `medicine`, `user_n`, `pin`) VALUES (165, '1994-01-25 18:00:22', 66, 64, 42);
INSERT INTO `Orders` (`Order_ID`, `Order_Date`, `medicine`, `user_n`, `pin`) VALUES (175, '2012-01-03 13:05:32', 113, 117, 76);
INSERT INTO `Orders` (`Order_ID`, `Order_Date`, `medicine`, `user_n`, `pin`) VALUES (180, '2022-12-24 01:53:16', 140, 140, 93);
INSERT INTO `Orders` (`Order_ID`, `Order_Date`, `medicine`, `user_n`, `pin`) VALUES (227, '2008-11-08 20:55:13', 54, 52, 37);
INSERT INTO `Orders` (`Order_ID`, `Order_Date`, `medicine`, `user_n`, `pin`) VALUES (332, '2013-11-23 20:25:34', 110, 109, 73);
INSERT INTO `Orders` (`Order_ID`, `Order_Date`, `medicine`, `user_n`, `pin`) VALUES (388, '1985-05-03 21:05:02', 5, 7, 5);
INSERT INTO `Orders` (`Order_ID`, `Order_Date`, `medicine`, `user_n`, `pin`) VALUES (453, '1992-07-31 23:27:34', 37, 39, 28);
INSERT INTO `Orders` (`Order_ID`, `Order_Date`, `medicine`, `user_n`, `pin`) VALUES (535, '1997-10-08 08:39:11', 18, 21, 16);
INSERT INTO `Orders` (`Order_ID`, `Order_Date`, `medicine`, `user_n`, `pin`) VALUES (542, '2021-10-23 11:29:40', 112, 116, 75);
INSERT INTO `Orders` (`Order_ID`, `Order_Date`, `medicine`, `user_n`, `pin`) VALUES (582, '2009-11-12 17:39:21', 59, 54, 38);
INSERT INTO `Orders` (`Order_ID`, `Order_Date`, `medicine`, `user_n`, `pin`) VALUES (714, '1998-03-28 00:38:41', 41, 43, 32);
INSERT INTO `Orders` (`Order_ID`, `Order_Date`, `medicine`, `user_n`, `pin`) VALUES (804, '2017-09-18 03:07:25', 43, 46, 33);
INSERT INTO `Orders` (`Order_ID`, `Order_Date`, `medicine`, `user_n`, `pin`) VALUES (1430, '2010-06-23 05:13:42', 105, 100, 68);
INSERT INTO `Orders` (`Order_ID`, `Order_Date`, `medicine`, `user_n`, `pin`) VALUES (1962, '2013-06-11 03:15:37', 73, 69, 46);
INSERT INTO `Orders` (`Order_ID`, `Order_Date`, `medicine`, `user_n`, `pin`) VALUES (3606, '1991-08-20 23:52:47', 26, 30, 22);
INSERT INTO `Orders` (`Order_ID`, `Order_Date`, `medicine`, `user_n`, `pin`) VALUES (3630, '2020-11-18 02:52:32', 74, 71, 47);
INSERT INTO `Orders` (`Order_ID`, `Order_Date`, `medicine`, `user_n`, `pin`) VALUES (4616, '2003-10-14 10:22:31', 11, 13, 11);
INSERT INTO `Orders` (`Order_ID`, `Order_Date`, `medicine`, `user_n`, `pin`) VALUES (6654, '1981-12-24 19:45:59', 6, 8, 6);
INSERT INTO `Orders` (`Order_ID`, `Order_Date`, `medicine`, `user_n`, `pin`) VALUES (6676, '2009-12-23 20:13:56', 12, 14, 12);
INSERT INTO `Orders` (`Order_ID`, `Order_Date`, `medicine`, `user_n`, `pin`) VALUES (6883, '1973-05-25 23:35:10', 89, 85, 57);
INSERT INTO `Orders` (`Order_ID`, `Order_Date`, `medicine`, `user_n`, `pin`) VALUES (7563, '1986-04-03 23:44:07', 84, 80, 53);
INSERT INTO `Orders` (`Order_ID`, `Order_Date`, `medicine`, `user_n`, `pin`) VALUES (7610, '2009-12-13 11:21:32', 121, 125, 82);
INSERT INTO `Orders` (`Order_ID`, `Order_Date`, `medicine`, `user_n`, `pin`) VALUES (7901, '2019-06-03 18:07:49', 22, 25, 19);
INSERT INTO `Orders` (`Order_ID`, `Order_Date`, `medicine`, `user_n`, `pin`) VALUES (8256, '2018-08-29 01:10:31', 117, 119, 78);
INSERT INTO `Orders` (`Order_ID`, `Order_Date`, `medicine`, `user_n`, `pin`) VALUES (8524, '1997-09-10 23:31:48', 15, 15, 13);
INSERT INTO `Orders` (`Order_ID`, `Order_Date`, `medicine`, `user_n`, `pin`) VALUES (9011, '1977-04-08 11:21:40', 46, 50, 35);
INSERT INTO `Orders` (`Order_ID`, `Order_Date`, `medicine`, `user_n`, `pin`) VALUES (20985, '2014-07-17 14:01:27', 1, 1, 1);
INSERT INTO `Orders` (`Order_ID`, `Order_Date`, `medicine`, `user_n`, `pin`) VALUES (26797, '1985-10-05 06:42:02', 32, 34, 24);
INSERT INTO `Orders` (`Order_ID`, `Order_Date`, `medicine`, `user_n`, `pin`) VALUES (32695, '1973-08-10 11:04:31', 144, 144, 96);
INSERT INTO `Orders` (`Order_ID`, `Order_Date`, `medicine`, `user_n`, `pin`) VALUES (38420, '1977-07-05 23:56:40', 100, 94, 65);
INSERT INTO `Orders` (`Order_ID`, `Order_Date`, `medicine`, `user_n`, `pin`) VALUES (38477, '1998-02-17 05:29:16', 98, 92, 63);
INSERT INTO `Orders` (`Order_ID`, `Order_Date`, `medicine`, `user_n`, `pin`) VALUES (43393, '1992-11-13 20:26:11', 16, 17, 14);
INSERT INTO `Orders` (`Order_ID`, `Order_Date`, `medicine`, `user_n`, `pin`) VALUES (44671, '1981-11-30 02:41:28', 17, 19, 15);
INSERT INTO `Orders` (`Order_ID`, `Order_Date`, `medicine`, `user_n`, `pin`) VALUES (53302, '2001-05-20 00:54:35', 81, 76, 51);
INSERT INTO `Orders` (`Order_ID`, `Order_Date`, `medicine`, `user_n`, `pin`) VALUES (66179, '1988-06-18 02:18:50', 111, 110, 74);
INSERT INTO `Orders` (`Order_ID`, `Order_Date`, `medicine`, `user_n`, `pin`) VALUES (70553, '2020-01-24 16:51:54', 78, 73, 49);
INSERT INTO `Orders` (`Order_ID`, `Order_Date`, `medicine`, `user_n`, `pin`) VALUES (73880, '1987-05-28 14:25:56', 52, 51, 36);
INSERT INTO `Orders` (`Order_ID`, `Order_Date`, `medicine`, `user_n`, `pin`) VALUES (78998, '2000-07-01 16:02:13', 133, 134, 89);
INSERT INTO `Orders` (`Order_ID`, `Order_Date`, `medicine`, `user_n`, `pin`) VALUES (81224, '2014-07-28 12:03:16', 118, 121, 79);
INSERT INTO `Orders` (`Order_ID`, `Order_Date`, `medicine`, `user_n`, `pin`) VALUES (84047, '2014-08-15 08:49:14', 39, 41, 30);
INSERT INTO `Orders` (`Order_ID`, `Order_Date`, `medicine`, `user_n`, `pin`) VALUES (88959, '1983-12-29 03:56:37', 7, 9, 7);
INSERT INTO `Orders` (`Order_ID`, `Order_Date`, `medicine`, `user_n`, `pin`) VALUES (90096, '2007-11-25 18:48:00', 94, 89, 60);
INSERT INTO `Orders` (`Order_ID`, `Order_Date`, `medicine`, `user_n`, `pin`) VALUES (96786, '1986-08-22 06:18:21', 36, 38, 27);
INSERT INTO `Orders` (`Order_ID`, `Order_Date`, `medicine`, `user_n`, `pin`) VALUES (99413, '1973-02-06 12:31:54', 75, 72, 48);
INSERT INTO `Orders` (`Order_ID`, `Order_Date`, `medicine`, `user_n`, `pin`) VALUES (197195, '2021-06-11 12:29:17', 97, 91, 62);
INSERT INTO `Orders` (`Order_ID`, `Order_Date`, `medicine`, `user_n`, `pin`) VALUES (201536, '1973-10-29 10:32:14', 96, 90, 61);
INSERT INTO `Orders` (`Order_ID`, `Order_Date`, `medicine`, `user_n`, `pin`) VALUES (209783, '2010-04-16 13:21:59', 60, 55, 39);
INSERT INTO `Orders` (`Order_ID`, `Order_Date`, `medicine`, `user_n`, `pin`) VALUES (287337, '1982-09-11 20:14:54', 80, 74, 50);
INSERT INTO `Orders` (`Order_ID`, `Order_Date`, `medicine`, `user_n`, `pin`) VALUES (413806, '1991-04-13 04:40:39', 136, 135, 90);
INSERT INTO `Orders` (`Order_ID`, `Order_Date`, `medicine`, `user_n`, `pin`) VALUES (461188, '1977-12-07 02:47:09', 4, 6, 4);
INSERT INTO `Orders` (`Order_ID`, `Order_Date`, `medicine`, `user_n`, `pin`) VALUES (556203, '1991-08-14 19:53:25', 68, 65, 43);
INSERT INTO `Orders` (`Order_ID`, `Order_Date`, `medicine`, `user_n`, `pin`) VALUES (602865, '2001-09-27 08:17:42', 8, 10, 8);
INSERT INTO `Orders` (`Order_ID`, `Order_Date`, `medicine`, `user_n`, `pin`) VALUES (709722, '1971-05-13 18:53:07', 33, 35, 25);
INSERT INTO `Orders` (`Order_ID`, `Order_Date`, `medicine`, `user_n`, `pin`) VALUES (741959, '1999-12-31 18:55:58', 130, 130, 87);
INSERT INTO `Orders` (`Order_ID`, `Order_Date`, `medicine`, `user_n`, `pin`) VALUES (849324, '2020-05-21 12:11:52', 122, 126, 83);
INSERT INTO `Orders` (`Order_ID`, `Order_Date`, `medicine`, `user_n`, `pin`) VALUES (932427, '1979-04-10 05:12:19', 65, 60, 41);
INSERT INTO `Orders` (`Order_ID`, `Order_Date`, `medicine`, `user_n`, `pin`) VALUES (1305290, '1997-10-03 13:09:01', 107, 103, 70);
INSERT INTO `Orders` (`Order_ID`, `Order_Date`, `medicine`, `user_n`, `pin`) VALUES (1702318, '2015-11-03 04:39:31', 102, 98, 67);
INSERT INTO `Orders` (`Order_ID`, `Order_Date`, `medicine`, `user_n`, `pin`) VALUES (1935907, '1992-12-01 15:39:50', 114, 118, 77);
INSERT INTO `Orders` (`Order_ID`, `Order_Date`, `medicine`, `user_n`, `pin`) VALUES (3521156, '1975-10-27 01:52:26', 99, 93, 64);
INSERT INTO `Orders` (`Order_ID`, `Order_Date`, `medicine`, `user_n`, `pin`) VALUES (6039339, '1988-08-15 17:34:09', 38, 40, 29);
INSERT INTO `Orders` (`Order_ID`, `Order_Date`, `medicine`, `user_n`, `pin`) VALUES (6634630, '1970-10-06 06:41:03', 92, 88, 59);
INSERT INTO `Orders` (`Order_ID`, `Order_Date`, `medicine`, `user_n`, `pin`) VALUES (6654422, '1974-11-12 19:41:10', 20, 23, 17);
INSERT INTO `Orders` (`Order_ID`, `Order_Date`, `medicine`, `user_n`, `pin`) VALUES (6723472, '2008-03-26 10:36:31', 119, 122, 80);
INSERT INTO `Orders` (`Order_ID`, `Order_Date`, `medicine`, `user_n`, `pin`) VALUES (6733297, '2003-05-26 20:35:11', 120, 124, 81);
INSERT INTO `Orders` (`Order_ID`, `Order_Date`, `medicine`, `user_n`, `pin`) VALUES (7546842, '2019-01-09 23:25:50', 125, 128, 85);
INSERT INTO `Orders` (`Order_ID`, `Order_Date`, `medicine`, `user_n`, `pin`) VALUES (8366672, '1996-06-07 23:05:49', 138, 138, 92);
INSERT INTO `Orders` (`Order_ID`, `Order_Date`, `medicine`, `user_n`, `pin`) VALUES (9093045, '1981-06-19 16:47:43', 2, 2, 2);
INSERT INTO `Orders` (`Order_ID`, `Order_Date`, `medicine`, `user_n`, `pin`) VALUES (9550933, '2008-06-03 18:53:31', 83, 79, 52);
INSERT INTO `Orders` (`Order_ID`, `Order_Date`, `medicine`, `user_n`, `pin`) VALUES (30952727, '1988-10-29 00:27:36', 69, 66, 44);
INSERT INTO `Orders` (`Order_ID`, `Order_Date`, `medicine`, `user_n`, `pin`) VALUES (49575631, '2007-02-22 13:57:10', 148, 149, 99);
INSERT INTO `Orders` (`Order_ID`, `Order_Date`, `medicine`, `user_n`, `pin`) VALUES (53759967, '2002-09-08 15:00:24', 21, 24, 18);
INSERT INTO `Orders` (`Order_ID`, `Order_Date`, `medicine`, `user_n`, `pin`) VALUES (54803397, '1975-04-22 07:40:34', 86, 81, 54);
INSERT INTO `Orders` (`Order_ID`, `Order_Date`, `medicine`, `user_n`, `pin`) VALUES (60127245, '1972-01-19 05:21:37', 147, 148, 98);
INSERT INTO `Orders` (`Order_ID`, `Order_Date`, `medicine`, `user_n`, `pin`) VALUES (61087989, '2019-03-07 21:04:57', 31, 33, 23);
INSERT INTO `Orders` (`Order_ID`, `Order_Date`, `medicine`, `user_n`, `pin`) VALUES (66357743, '1991-11-07 14:41:06', 101, 95, 66);
INSERT INTO `Orders` (`Order_ID`, `Order_Date`, `medicine`, `user_n`, `pin`) VALUES (82257108, '1980-11-01 17:03:46', 108, 105, 71);
INSERT INTO `Orders` (`Order_ID`, `Order_Date`, `medicine`, `user_n`, `pin`) VALUES (87433842, '1979-02-12 08:56:41', 87, 82, 55);
INSERT INTO `Orders` (`Order_ID`, `Order_Date`, `medicine`, `user_n`, `pin`) VALUES (238129029, '1980-06-20 07:41:14', 124, 127, 84);
INSERT INTO `Orders` (`Order_ID`, `Order_Date`, `medicine`, `user_n`, `pin`) VALUES (434707387, '2000-06-22 13:42:58', 45, 48, 34);
INSERT INTO `Orders` (`Order_ID`, `Order_Date`, `medicine`, `user_n`, `pin`) VALUES (437979075, '2010-11-11 10:15:16', 70, 68, 45);
INSERT INTO `Orders` (`Order_ID`, `Order_Date`, `medicine`, `user_n`, `pin`) VALUES (519929016, '1979-04-25 10:03:06', 143, 143, 95);
INSERT INTO `Orders` (`Order_ID`, `Order_Date`, `medicine`, `user_n`, `pin`) VALUES (567012338, '2001-07-23 21:52:11', 23, 27, 20);
INSERT INTO `Orders` (`Order_ID`, `Order_Date`, `medicine`, `user_n`, `pin`) VALUES (733551932, '1972-02-16 07:57:59', 137, 137, 91);
INSERT INTO `Orders` (`Order_ID`, `Order_Date`, `medicine`, `user_n`, `pin`) VALUES (948445669, '2009-05-04 23:32:27', 145, 147, 97);


create table Payment(
Payment_Mode INT NOT NULL ,
Transaction_ID VARCHAR(50) NOT NULL,
Amount VARCHAR(50) NOT NULL,
primary key(Transaction_ID)
);
INSERT INTO `Payment` (`Payment_Mode`, `Transaction_ID`, `Amount`) VALUES (2, '104', '33117');
INSERT INTO `Payment` (`Payment_Mode`, `Transaction_ID`, `Amount`) VALUES (2, '114', '80781');
INSERT INTO `Payment` (`Payment_Mode`, `Transaction_ID`, `Amount`) VALUES (10, '115', '');
INSERT INTO `Payment` (`Payment_Mode`, `Transaction_ID`, `Amount`) VALUES (3, '139', '7046987');
INSERT INTO `Payment` (`Payment_Mode`, `Transaction_ID`, `Amount`) VALUES (6, '14', '271');
INSERT INTO `Payment` (`Payment_Mode`, `Transaction_ID`, `Amount`) VALUES (8, '147', '526562');
INSERT INTO `Payment` (`Payment_Mode`, `Transaction_ID`, `Amount`) VALUES (9, '16', '2234805');
INSERT INTO `Payment` (`Payment_Mode`, `Transaction_ID`, `Amount`) VALUES (5, '163', '803138');
INSERT INTO `Payment` (`Payment_Mode`, `Transaction_ID`, `Amount`) VALUES (9, '166', '7592');
INSERT INTO `Payment` (`Payment_Mode`, `Transaction_ID`, `Amount`) VALUES (2, '174', '652549894');
INSERT INTO `Payment` (`Payment_Mode`, `Transaction_ID`, `Amount`) VALUES (5, '188', '933101');
INSERT INTO `Payment` (`Payment_Mode`, `Transaction_ID`, `Amount`) VALUES (4, '189', '799');
INSERT INTO `Payment` (`Payment_Mode`, `Transaction_ID`, `Amount`) VALUES (8, '230', '825755334');
INSERT INTO `Payment` (`Payment_Mode`, `Transaction_ID`, `Amount`) VALUES (3, '246', '1841');
INSERT INTO `Payment` (`Payment_Mode`, `Transaction_ID`, `Amount`) VALUES (5, '252', '62655005');
INSERT INTO `Payment` (`Payment_Mode`, `Transaction_ID`, `Amount`) VALUES (8, '256', '338580');
INSERT INTO `Payment` (`Payment_Mode`, `Transaction_ID`, `Amount`) VALUES (9, '260', '424471566');
INSERT INTO `Payment` (`Payment_Mode`, `Transaction_ID`, `Amount`) VALUES (9, '263', '448236');
INSERT INTO `Payment` (`Payment_Mode`, `Transaction_ID`, `Amount`) VALUES (5, '265', '1');
INSERT INTO `Payment` (`Payment_Mode`, `Transaction_ID`, `Amount`) VALUES (1, '27', '5');
INSERT INTO `Payment` (`Payment_Mode`, `Transaction_ID`, `Amount`) VALUES (6, '274', '8847647');
INSERT INTO `Payment` (`Payment_Mode`, `Transaction_ID`, `Amount`) VALUES (5, '277', '75');
INSERT INTO `Payment` (`Payment_Mode`, `Transaction_ID`, `Amount`) VALUES (10, '28', '2');
INSERT INTO `Payment` (`Payment_Mode`, `Transaction_ID`, `Amount`) VALUES (1, '282', '9208');
INSERT INTO `Payment` (`Payment_Mode`, `Transaction_ID`, `Amount`) VALUES (3, '285', '46296');
INSERT INTO `Payment` (`Payment_Mode`, `Transaction_ID`, `Amount`) VALUES (2, '287', '42623623');
INSERT INTO `Payment` (`Payment_Mode`, `Transaction_ID`, `Amount`) VALUES (5, '290', '');
INSERT INTO `Payment` (`Payment_Mode`, `Transaction_ID`, `Amount`) VALUES (8, '308', '908327563');
INSERT INTO `Payment` (`Payment_Mode`, `Transaction_ID`, `Amount`) VALUES (3, '314', '55815444');
INSERT INTO `Payment` (`Payment_Mode`, `Transaction_ID`, `Amount`) VALUES (6, '323', '29935726');
INSERT INTO `Payment` (`Payment_Mode`, `Transaction_ID`, `Amount`) VALUES (6, '325', '6');
INSERT INTO `Payment` (`Payment_Mode`, `Transaction_ID`, `Amount`) VALUES (8, '353', '77');
INSERT INTO `Payment` (`Payment_Mode`, `Transaction_ID`, `Amount`) VALUES (6, '355', '94579');
INSERT INTO `Payment` (`Payment_Mode`, `Transaction_ID`, `Amount`) VALUES (9, '366', '3');
INSERT INTO `Payment` (`Payment_Mode`, `Transaction_ID`, `Amount`) VALUES (7, '377', '16494325');
INSERT INTO `Payment` (`Payment_Mode`, `Transaction_ID`, `Amount`) VALUES (7, '388', '2');
INSERT INTO `Payment` (`Payment_Mode`, `Transaction_ID`, `Amount`) VALUES (5, '411', '691925');
INSERT INTO `Payment` (`Payment_Mode`, `Transaction_ID`, `Amount`) VALUES (2, '414', '');
INSERT INTO `Payment` (`Payment_Mode`, `Transaction_ID`, `Amount`) VALUES (6, '423', '3427434');
INSERT INTO `Payment` (`Payment_Mode`, `Transaction_ID`, `Amount`) VALUES (8, '43', '464278277');
INSERT INTO `Payment` (`Payment_Mode`, `Transaction_ID`, `Amount`) VALUES (10, '431', '5997');
INSERT INTO `Payment` (`Payment_Mode`, `Transaction_ID`, `Amount`) VALUES (8, '433', '6868216');
INSERT INTO `Payment` (`Payment_Mode`, `Transaction_ID`, `Amount`) VALUES (7, '438', '211');
INSERT INTO `Payment` (`Payment_Mode`, `Transaction_ID`, `Amount`) VALUES (6, '439', '78');
INSERT INTO `Payment` (`Payment_Mode`, `Transaction_ID`, `Amount`) VALUES (5, '440', '4798');
INSERT INTO `Payment` (`Payment_Mode`, `Transaction_ID`, `Amount`) VALUES (6, '442', '45536444');
INSERT INTO `Payment` (`Payment_Mode`, `Transaction_ID`, `Amount`) VALUES (2, '459', '93122040');
INSERT INTO `Payment` (`Payment_Mode`, `Transaction_ID`, `Amount`) VALUES (1, '468', '137');
INSERT INTO `Payment` (`Payment_Mode`, `Transaction_ID`, `Amount`) VALUES (5, '481', '9936');
INSERT INTO `Payment` (`Payment_Mode`, `Transaction_ID`, `Amount`) VALUES (1, '493', '9');
INSERT INTO `Payment` (`Payment_Mode`, `Transaction_ID`, `Amount`) VALUES (8, '506', '830735127');
INSERT INTO `Payment` (`Payment_Mode`, `Transaction_ID`, `Amount`) VALUES (8, '532', '7333809');
INSERT INTO `Payment` (`Payment_Mode`, `Transaction_ID`, `Amount`) VALUES (4, '536', '8');
INSERT INTO `Payment` (`Payment_Mode`, `Transaction_ID`, `Amount`) VALUES (7, '54', '3');
INSERT INTO `Payment` (`Payment_Mode`, `Transaction_ID`, `Amount`) VALUES (4, '544', '1589');
INSERT INTO `Payment` (`Payment_Mode`, `Transaction_ID`, `Amount`) VALUES (9, '545', '3');
INSERT INTO `Payment` (`Payment_Mode`, `Transaction_ID`, `Amount`) VALUES (6, '55', '465789');
INSERT INTO `Payment` (`Payment_Mode`, `Transaction_ID`, `Amount`) VALUES (3, '554', '');
INSERT INTO `Payment` (`Payment_Mode`, `Transaction_ID`, `Amount`) VALUES (7, '560', '3937919');
INSERT INTO `Payment` (`Payment_Mode`, `Transaction_ID`, `Amount`) VALUES (7, '568', '6416');
INSERT INTO `Payment` (`Payment_Mode`, `Transaction_ID`, `Amount`) VALUES (6, '57', '8707596');
INSERT INTO `Payment` (`Payment_Mode`, `Transaction_ID`, `Amount`) VALUES (2, '596', '');
INSERT INTO `Payment` (`Payment_Mode`, `Transaction_ID`, `Amount`) VALUES (8, '600', '2057');
INSERT INTO `Payment` (`Payment_Mode`, `Transaction_ID`, `Amount`) VALUES (2, '645', '85285906');
INSERT INTO `Payment` (`Payment_Mode`, `Transaction_ID`, `Amount`) VALUES (3, '651', '34');
INSERT INTO `Payment` (`Payment_Mode`, `Transaction_ID`, `Amount`) VALUES (5, '704', '2');
INSERT INTO `Payment` (`Payment_Mode`, `Transaction_ID`, `Amount`) VALUES (2, '716', '92177');
INSERT INTO `Payment` (`Payment_Mode`, `Transaction_ID`, `Amount`) VALUES (1, '731', '');
INSERT INTO `Payment` (`Payment_Mode`, `Transaction_ID`, `Amount`) VALUES (4, '732', '5522980');
INSERT INTO `Payment` (`Payment_Mode`, `Transaction_ID`, `Amount`) VALUES (3, '733', '14009');
INSERT INTO `Payment` (`Payment_Mode`, `Transaction_ID`, `Amount`) VALUES (1, '748', '652');
INSERT INTO `Payment` (`Payment_Mode`, `Transaction_ID`, `Amount`) VALUES (1, '753', '26');
INSERT INTO `Payment` (`Payment_Mode`, `Transaction_ID`, `Amount`) VALUES (4, '770', '872089890');
INSERT INTO `Payment` (`Payment_Mode`, `Transaction_ID`, `Amount`) VALUES (10, '777', '917065352');
INSERT INTO `Payment` (`Payment_Mode`, `Transaction_ID`, `Amount`) VALUES (8, '781', '53743');
INSERT INTO `Payment` (`Payment_Mode`, `Transaction_ID`, `Amount`) VALUES (3, '806', '917546413');
INSERT INTO `Payment` (`Payment_Mode`, `Transaction_ID`, `Amount`) VALUES (7, '810', '64');
INSERT INTO `Payment` (`Payment_Mode`, `Transaction_ID`, `Amount`) VALUES (8, '811', '98933');
INSERT INTO `Payment` (`Payment_Mode`, `Transaction_ID`, `Amount`) VALUES (10, '817', '16');
INSERT INTO `Payment` (`Payment_Mode`, `Transaction_ID`, `Amount`) VALUES (6, '831', '3227');
INSERT INTO `Payment` (`Payment_Mode`, `Transaction_ID`, `Amount`) VALUES (7, '834', '');
INSERT INTO `Payment` (`Payment_Mode`, `Transaction_ID`, `Amount`) VALUES (4, '841', '77082421');
INSERT INTO `Payment` (`Payment_Mode`, `Transaction_ID`, `Amount`) VALUES (3, '854', '420');
INSERT INTO `Payment` (`Payment_Mode`, `Transaction_ID`, `Amount`) VALUES (8, '86', '770190');
INSERT INTO `Payment` (`Payment_Mode`, `Transaction_ID`, `Amount`) VALUES (1, '883', '30154');
INSERT INTO `Payment` (`Payment_Mode`, `Transaction_ID`, `Amount`) VALUES (10, '886', '');
INSERT INTO `Payment` (`Payment_Mode`, `Transaction_ID`, `Amount`) VALUES (6, '890', '62');
INSERT INTO `Payment` (`Payment_Mode`, `Transaction_ID`, `Amount`) VALUES (5, '926', '5');
INSERT INTO `Payment` (`Payment_Mode`, `Transaction_ID`, `Amount`) VALUES (10, '927', '3021265');
INSERT INTO `Payment` (`Payment_Mode`, `Transaction_ID`, `Amount`) VALUES (6, '935', '8226');
INSERT INTO `Payment` (`Payment_Mode`, `Transaction_ID`, `Amount`) VALUES (8, '938', '311348');
INSERT INTO `Payment` (`Payment_Mode`, `Transaction_ID`, `Amount`) VALUES (9, '941', '7774');
INSERT INTO `Payment` (`Payment_Mode`, `Transaction_ID`, `Amount`) VALUES (8, '951', '2');
INSERT INTO `Payment` (`Payment_Mode`, `Transaction_ID`, `Amount`) VALUES (7, '957', '');
INSERT INTO `Payment` (`Payment_Mode`, `Transaction_ID`, `Amount`) VALUES (2, '96', '885166166');
INSERT INTO `Payment` (`Payment_Mode`, `Transaction_ID`, `Amount`) VALUES (5, '989', '527');
INSERT INTO `Payment` (`Payment_Mode`, `Transaction_ID`, `Amount`) VALUES (5, '995', '31301885');
INSERT INTO `Payment` (`Payment_Mode`, `Transaction_ID`, `Amount`) VALUES (1, '997', '5418877');
INSERT INTO `Payment` (`Payment_Mode`, `Transaction_ID`, `Amount`) VALUES (7, '998', '69709');
INSERT INTO `Payment` (`Payment_Mode`, `Transaction_ID`, `Amount`) VALUES (8, '999', '11');


